Date,1 Yr,2 Yr,3 Yr
1/2/2015,0.997506234,0.986929539,0.968574883
1/5/2015,0.997406742,0.986537473,0.968862436
1/6/2015,0.997506234,0.98712566,0.970013788
1/7/2015,0.997506234,0.987714374,0.970590148
1/8/2015,0.997705278,0.987714374,0.970590148
1/9/2015,0.997804829,0.988303615,0.971744238
1/12/2015,0.998103603,0.988893382,0.973189426
1/13/2015,0.998003992,0.989286854,0.974057914
1/14/2015,0.998203234,0.989877503,0.975507692
1/15/2015,0.998402556,0.991257741,0.977833328
1/16/2015,0.998302885,0.990271562,0.976378941
1/20/2015,0.998302885,0.989483678,0.974927436
1/21/2015,0.998302885,0.989483678,0.97434764
1/22/2015,0.998302885,0.989483678,0.973478807
1/23/2015,0.998302885,0.989680561,0.974637481
1/26/2015,0.998203234,0.989286854,0.973768303
1/27/2015,0.998302885,0.989286854,0.97434764
1/28/2015,0.998302885,0.990074503,0.976088409
1/29/2015,0.998302885,0.989877503,0.975217507
1/30/2015,0.998203234,0.990665857,0.977251227
2/2/2015,0.998302885,0.990271562,0.976960349
2/3/2015,0.997904401,0.989680561,0.974927436
2/4/2015,0.998003992,0.989680561,0.974637481
2/5/2015,0.998003992,0.989680561,0.97434764
2/6/2015,0.997406742,0.98712566,0.969725779
2/9/2015,0.997605746,0.98712566,0.969437884
2/10/2015,0.997506234,0.986733477,0.969150103
2/11/2015,0.997605746,0.986733477,0.968862436
2/12/2015,0.997705278,0.987910729,0.970013788
2/13/2015,0.997705278,0.986929539,0.969725779
2/17/2015,0.997506234,0.98614564,0.967712906
2/18/2015,0.997705278,0.987714374,0.970590148
2/19/2015,0.997705278,0.986733477,0.969150103
2/20/2015,0.997705278,0.986733477,0.968574883
2/23/2015,0.997804829,0.98732184,0.969725779
2/24/2015,0.997804829,0.988107142,0.971455544
2/25/2015,0.997904401,0.987910729,0.971166965
2/26/2015,0.997804829,0.986929539,0.969437884
2/27/2015,0.997804829,0.987518078,0.970301911
3/2/2015,0.997804829,0.986929539,0.968862436
3/3/2015,0.997406742,0.986537473,0.968000118
3/4/2015,0.997406742,0.986929539,0.968574883
3/5/2015,0.997506234,0.98712566,0.969150103
3/6/2015,0.99730727,0.985558328,0.965992018
3/9/2015,0.99730727,0.98614564,0.966851952
3/10/2015,0.997506234,0.98614564,0.967712906
3/11/2015,0.997506234,0.98614564,0.968000118
3/12/2015,0.997605746,0.986733477,0.968862436
3/13/2015,0.997605746,0.986537473,0.968574883
3/16/2015,0.997406742,0.986929539,0.968862436
3/17/2015,0.99730727,0.98614564,0.968574883
3/18/2015,0.997705278,0.988696734,0.972900159
3/19/2015,0.997406742,0.987518078,0.970878499
3/20/2015,0.997605746,0.988107142,0.972033047
3/23/2015,0.997605746,0.988107142,0.972611007
3/24/2015,0.997605746,0.988500145,0.973189426
3/25/2015,0.997506234,0.988303615,0.97232197
3/26/2015,0.997207818,0.987910729,0.971166965
3/27/2015,0.99730727,0.988500145,0.972900159
3/30/2015,0.99730727,0.988500145,0.972611007
3/31/2015,0.997406742,0.988893382,0.973768303
4/1/2015,0.99730727,0.989090089,0.974637481
4/2/2015,0.997506234,0.989090089,0.97434764
4/3/2015,0.997904401,0.990271562,0.976378941
4/6/2015,0.997904401,0.989877503,0.975507692
4/7/2015,0.997804829,0.989680561,0.974927436
4/8/2015,0.997804829,0.989286854,0.974637481
4/9/2015,0.997804829,0.988893382,0.973768303
4/10/2015,0.997605746,0.988696734,0.973189426
4/13/2015,0.997705278,0.989286854,0.973768303
4/14/2015,0.997705278,0.989483678,0.974927436
4/15/2015,0.997705278,0.989877503,0.974927436
4/16/2015,0.997804829,0.990074503,0.976088409
4/17/2015,0.997705278,0.989877503,0.975217507
4/20/2015,0.997605746,0.989090089,0.974637481
4/21/2015,0.997705278,0.989090089,0.974637481
4/22/2015,0.997705278,0.988696734,0.973189426
4/23/2015,0.997605746,0.989090089,0.97434764
4/24/2015,0.997605746,0.989286854,0.975217507
4/27/2015,0.997506234,0.989286854,0.97434764
4/28/2015,0.997605746,0.988893382,0.973478807
4/29/2015,0.997506234,0.988893382,0.973189426
4/30/2015,0.997605746,0.988500145,0.973189426
5/1/2015,0.997506234,0.988107142,0.971455544
5/4/2015,0.997506234,0.988107142,0.971744238
5/5/2015,0.997605746,0.987714374,0.970590148
5/6/2015,0.997506234,0.98712566,0.969725779
5/7/2015,0.997605746,0.987518078,0.970013788
5/8/2015,0.997705278,0.988303615,0.971744238
5/11/2015,0.997506234,0.987714374,0.970013788
5/12/2015,0.997506234,0.987910729,0.970590148
5/13/2015,0.997605746,0.988303615,0.971455544
5/14/2015,0.997705278,0.988893382,0.973189426
5/15/2015,0.997705278,0.989090089,0.973478807
5/18/2015,0.997804829,0.988500145,0.972033047
5/19/2015,0.997705278,0.987518078,0.970301911
5/20/2015,0.997705278,0.988107142,0.971166965
5/21/2015,0.997804829,0.988107142,0.972033047
5/22/2015,0.997705278,0.98732184,0.970301911
5/26/2015,0.997605746,0.98732184,0.970878499
5/27/2015,0.99730727,0.98732184,0.970590148
5/28/2015,0.997406742,0.987714374,0.971455544
5/29/2015,0.997406742,0.987910729,0.97232197
6/1/2015,0.997406742,0.98732184,0.970878499
6/2/2015,0.997406742,0.98732184,0.970013788
6/3/2015,0.997406742,0.986341527,0.968574883
6/4/2015,0.99730727,0.986929539,0.969437884
6/5/2015,0.997108386,0.985558328,0.966851952
6/8/2015,0.99730727,0.98614564,0.968000118
6/9/2015,0.99730727,0.98575404,0.967138823
6/10/2015,0.997207818,0.985167078,0.966278549
6/11/2015,0.997207818,0.985558328,0.967138823
6/12/2015,0.997207818,0.985362674,0.967138823
6/15/2015,0.997207818,0.98575404,0.967712906
6/16/2015,0.997207818,0.985949811,0.968287444
6/17/2015,0.99730727,0.986733477,0.969725779
6/18/2015,0.997406742,0.986929539,0.969725779
6/19/2015,0.997506234,0.98712566,0.970878499
6/22/2015,0.99730727,0.986537473,0.968862436
6/23/2015,0.997008973,0.98614564,0.968574883
6/24/2015,0.997008973,0.986537473,0.968862436
6/25/2015,0.997108386,0.986537473,0.968862436
6/26/2015,0.997108386,0.98575404,0.968000118
6/29/2015,0.99730727,0.98732184,0.970590148
6/30/2015,0.997207818,0.98732184,0.970301911
7/1/2015,0.997207818,0.986341527,0.968287444
7/2/2015,0.997406742,0.98732184,0.970301911
7/6/2015,0.997406742,0.988107142,0.972033047
7/7/2015,0.997506234,0.988500145,0.971744238
7/8/2015,0.997605746,0.989090089,0.973189426
7/9/2015,0.997506234,0.988107142,0.972033047
7/10/2015,0.997207818,0.98712566,0.969437884
7/13/2015,0.997207818,0.986341527,0.968862436
7/14/2015,0.99730727,0.986929539,0.969725779
7/15/2015,0.997207818,0.98732184,0.970590148
7/16/2015,0.997108386,0.986733477,0.969150103
7/17/2015,0.997108386,0.986537473,0.969150103
7/20/2015,0.99690958,0.985949811,0.968000118
7/21/2015,0.996611521,0.985949811,0.968574883
7/22/2015,0.996611521,0.985167078,0.968287444
7/23/2015,0.996710854,0.985949811,0.968862436
7/24/2015,0.996810207,0.98614564,0.969437884
7/27/2015,0.996810207,0.986537473,0.970590148
7/28/2015,0.996810207,0.986341527,0.969725779
7/29/2015,0.996710854,0.98614564,0.969150103
7/30/2015,0.996412914,0.98575404,0.968574883
7/31/2015,0.996710854,0.986733477,0.970590148
8/3/2015,0.996710854,0.986537473,0.970878499
8/4/2015,0.99631364,0.985362674,0.968287444
8/5/2015,0.996214385,0.985558328,0.967712906
8/6/2015,0.996512207,0.985949811,0.968287444
8/7/2015,0.996214385,0.985558328,0.968287444
8/10/2015,0.996015936,0.985558328,0.968000118
8/11/2015,0.99631364,0.986537473,0.969725779
8/12/2015,0.99631364,0.986733477,0.970301911
8/13/2015,0.996015936,0.98575404,0.968862436
8/14/2015,0.995916741,0.985558328,0.968287444
8/17/2015,0.996015936,0.98575404,0.968574883
8/18/2015,0.995817566,0.985362674,0.968574883
8/19/2015,0.996115151,0.986733477,0.971166965
8/20/2015,0.996115151,0.986341527,0.970590148
8/21/2015,0.996412914,0.98732184,0.972033047
8/24/2015,0.996710854,0.988303615,0.973478807
8/25/2015,0.996412914,0.986733477,0.971166965
8/26/2015,0.996512207,0.986733477,0.971166965
8/27/2015,0.996412914,0.986537473,0.970878499
8/28/2015,0.996214385,0.98575404,0.969437884
8/31/2015,0.996115151,0.985362674,0.968574883
9/1/2015,0.996115151,0.98614564,0.969725779
9/2/2015,0.99631364,0.98575404,0.969437884
9/3/2015,0.996412914,0.985949811,0.970590148
9/4/2015,0.996412914,0.985949811,0.970590148
9/8/2015,0.996115151,0.985362674,0.969150103
9/9/2015,0.996115151,0.985167078,0.968862436
9/10/2015,0.996115151,0.985167078,0.968862436
9/11/2015,0.996015936,0.985949811,0.969725779
9/14/2015,0.996015936,0.985558328,0.969725779
9/15/2015,0.995321987,0.983799537,0.967138823
9/16/2015,0.995421063,0.983799537,0.966851952
9/17/2015,0.996115151,0.98614564,0.970590148
9/18/2015,0.996512207,0.986341527,0.971455544
9/21/2015,0.996412914,0.98575404,0.970301911
9/22/2015,0.996512207,0.986341527,0.971455544
9/23/2015,0.996611521,0.98614564,0.970590148
9/24/2015,0.996810207,0.986733477,0.971455544
9/25/2015,0.996512207,0.98614564,0.970590148
9/28/2015,0.996611521,0.986733477,0.971455544
9/29/2015,0.996710854,0.98732184,0.972900159
9/30/2015,0.996710854,0.98732184,0.972900159
10/1/2015,0.99690958,0.98732184,0.972900159
10/2/2015,0.997506234,0.988500145,0.974927436
10/5/2015,0.997406742,0.987910729,0.973768303
10/6/2015,0.997406742,0.987910729,0.973478807
10/7/2015,0.99730727,0.98712566,0.972900159
10/8/2015,0.99730727,0.98712566,0.972611007
10/9/2015,0.997207818,0.98712566,0.971744238
10/13/2015,0.99730727,0.98732184,0.972900159
10/14/2015,0.997904401,0.988696734,0.975217507
10/15/2015,0.997804829,0.987910729,0.973478807
10/16/2015,0.997705278,0.987910729,0.973189426
10/19/2015,0.997705278,0.987910729,0.973768303
10/20/2015,0.997705278,0.986929539,0.972611007
10/21/2015,0.997705278,0.98732184,0.973189426
10/22/2015,0.997705278,0.987910729,0.973768303
10/23/2015,0.997605746,0.986929539,0.97232197
10/26/2015,0.997506234,0.986929539,0.97232197
10/27/2015,0.997108386,0.98712566,0.972900159
10/28/2015,0.996710854,0.985558328,0.970590148
10/29/2015,0.996710854,0.985167078,0.969150103
10/30/2015,0.996611521,0.985167078,0.969150103
11/2/2015,0.99631364,0.984776061,0.968287444
11/3/2015,0.996115151,0.984189972,0.967712906
11/4/2015,0.996015936,0.983409334,0.965992018
11/5/2015,0.995817566,0.983214319,0.965992018
11/6/2015,0.995321987,0.982240116,0.963989469
11/9/2015,0.995321987,0.982434841,0.96284764
11/10/2015,0.994925878,0.982824464,0.964275208
11/12/2015,0.994925878,0.982434841,0.963703842
11/13/2015,0.995024876,0.983019363,0.964847026
11/16/2015,0.995024876,0.982629624,0.965419296
11/17/2015,0.995024876,0.983019363,0.965419296
11/18/2015,0.995123893,0.982240116,0.964561061
11/19/2015,0.995123893,0.98204545,0.964561061
11/20/2015,0.995123893,0.98165629,0.963989469
11/23/2015,0.995024876,0.981461796,0.963132928
11/24/2015,0.9948269,0.98165629,0.963989469
11/25/2015,0.9948269,0.98165629,0.963418329
11/27/2015,0.995024876,0.981850841,0.963989469
11/30/2015,0.994925878,0.981461796,0.963703842
12/1/2015,0.994925878,0.98204545,0.965133104
12/2/2015,0.9948269,0.981461796,0.963989469
12/3/2015,0.994332306,0.981072983,0.96284764
12/4/2015,0.994035785,0.981072983,0.963418329
12/7/2015,0.993344591,0.981461796,0.963703842
12/8/2015,0.992457324,0.981461796,0.963418329
12/9/2015,0.992851469,0.98165629,0.964275208
12/10/2015,0.992950055,0.981267361,0.963418329
12/11/2015,0.993245928,0.982629624,0.965992018
12/14/2015,0.993245928,0.980878663,0.963418329
12/15/2015,0.993147284,0.980684401,0.962277401
12/16/2015,0.993048659,0.979907929,0.960569385
12/17/2015,0.993147284,0.980296049,0.961138274
12/18/2015,0.993344591,0.980878663,0.96284764
12/21/2015,0.9936407,0.981072983,0.962562464
12/22/2015,0.993443274,0.980490196,0.961707613
12/23/2015,0.993541977,0.98010196,0.961422887
12/24/2015,0.9936407,0.979713955,0.961138274
12/28/2015,0.993443274,0.97932618,0.961138274
12/29/2015,0.993344591,0.97855132,0.959716893
12/30/2015,0.9936407,0.978744948,0.960285109
12/31/2015,0.993541977,0.979132378,0.961707613
1/4/2016,0.993936984,0.979907929,0.961707613
1/5/2016,0.993245928,0.979520038,0.961422887
1/6/2016,0.993344591,0.980490196,0.963132928
1/7/2016,0.993443274,0.981072983,0.964275208
1/8/2016,0.9936407,0.981461796,0.964847026
1/11/2016,0.993739442,0.981461796,0.964847026
1/12/2016,0.993838203,0.98165629,0.965419296
1/13/2016,0.994035785,0.98204545,0.966278549
1/14/2016,0.994530085,0.982240116,0.966565194
1/15/2016,0.995123893,0.983214319,0.968287444
1/19/2016,0.99522293,0.982629624,0.967425808
1/20/2016,0.995718411,0.983214319,0.968862436
1/21/2016,0.995619275,0.983409334,0.968862436
1/22/2016,0.995321987,0.982629624,0.967425808
1/25/2016,0.995321987,0.982629624,0.967712906
1/26/2016,0.995321987,0.983214319,0.968574883
1/27/2016,0.995321987,0.983409334,0.968574883
1/28/2016,0.995321987,0.983604406,0.969150103
1/29/2016,0.995321987,0.984971541,0.971455544
2/1/2016,0.995321987,0.983994726,0.970301911
2/2/2016,0.994629003,0.985167078,0.972611007
2/3/2016,0.994629003,0.98575404,0.973189426
2/4/2016,0.9948269,0.98614564,0.973478807
2/5/2016,0.994530085,0.985362674,0.973189426
2/8/2016,0.994925878,0.986929539,0.975507692
2/9/2016,0.9948269,0.986341527,0.974927436
2/10/2016,0.9948269,0.985949811,0.974927436
2/11/2016,0.995321987,0.98732184,0.976088409
2/12/2016,0.994925878,0.985949811,0.973768303
2/16/2016,0.994925878,0.985362674,0.973189426
2/17/2016,0.994727942,0.985362674,0.972611007
2/18/2016,0.994727942,0.985949811,0.974057914
2/19/2016,0.994727942,0.984971541,0.973189426
2/22/2016,0.994530085,0.98458064,0.972900159
2/23/2016,0.994530085,0.984971541,0.973478807
2/24/2016,0.994530085,0.985167078,0.973478807
2/25/2016,0.994431185,0.98575404,0.974927436
2/26/2016,0.994035785,0.984189972,0.972611007
2/29/2016,0.993838203,0.98458064,0.973189426
3/1/2016,0.993245928,0.983214319,0.971166965
3/2/2016,0.993344591,0.983214319,0.970590148
3/3/2016,0.993541977,0.983214319,0.970878499
3/4/2016,0.993344591,0.982629624,0.969437884
3/7/2016,0.993344591,0.98204545,0.968287444
3/8/2016,0.993245928,0.982629624,0.969437884
3/9/2016,0.993245928,0.982240116,0.968574883
3/10/2016,0.993147284,0.98165629,0.967425808
3/11/2016,0.993048659,0.980878663,0.965992018
3/14/2016,0.993048659,0.980878663,0.966278549
3/15/2016,0.992950055,0.980684401,0.965992018
3/16/2016,0.993443274,0.982824464,0.969150103
3/17/2016,0.9936407,0.982824464,0.969437884
3/18/2016,0.993838203,0.983409334,0.970590148
3/21/2016,0.993739442,0.982824464,0.969150103
3/22/2016,0.9936407,0.98204545,0.968287444
3/23/2016,0.9936407,0.982824464,0.969725779
3/24/2016,0.993739442,0.982434841,0.969150103
3/28/2016,0.993541977,0.982434841,0.969437884
3/29/2016,0.993739442,0.98458064,0.97232197
3/30/2016,0.993936984,0.984971541,0.973189426
3/31/2016,0.994134606,0.985558328,0.97434764
4/1/2016,0.993838203,0.984971541,0.973478807
4/4/2016,0.994134606,0.985167078,0.974057914
4/5/2016,0.994431185,0.98575404,0.974927436
4/6/2016,0.994530085,0.985558328,0.974057914
4/7/2016,0.9948269,0.98614564,0.975507692
4/8/2016,0.994629003,0.98614564,0.975217507
4/11/2016,0.994727942,0.98614564,0.974927436
4/12/2016,0.994629003,0.985362674,0.973478807
4/13/2016,0.994530085,0.985167078,0.973478807
4/14/2016,0.994530085,0.984776061,0.972900159
4/15/2016,0.994727942,0.985362674,0.97434764
4/18/2016,0.9948269,0.985167078,0.973478807
4/19/2016,0.994727942,0.984776061,0.972900159
4/20/2016,0.994629003,0.984189972,0.971455544
4/21/2016,0.994431185,0.983799537,0.971166965
4/22/2016,0.994431185,0.983409334,0.970301911
4/25/2016,0.994332306,0.983214319,0.970301911
4/26/2016,0.993936984,0.983019363,0.969437884
4/27/2016,0.994233446,0.983604406,0.970878499
4/28/2016,0.994431185,0.98458064,0.972611007
4/29/2016,0.994431185,0.984776061,0.972900159
5/2/2016,0.994530085,0.984189972,0.971744238
5/3/2016,0.994727942,0.985167078,0.972900159
5/4/2016,0.9948269,0.985167078,0.973768303
5/5/2016,0.994925878,0.98575404,0.97434764
5/6/2016,0.994925878,0.985362674,0.973478807
5/9/2016,0.994925878,0.98575404,0.974637481
5/10/2016,0.9948269,0.98575404,0.974057914
5/11/2016,0.994727942,0.985362674,0.97434764
5/12/2016,0.994629003,0.984971541,0.972900159
5/13/2016,0.994530085,0.984971541,0.973189426
5/16/2016,0.994332306,0.984385277,0.97232197
5/17/2016,0.994233446,0.983799537,0.971455544
5/18/2016,0.993739442,0.982240116,0.968287444
5/19/2016,0.9936407,0.982434841,0.968862436
5/20/2016,0.993344591,0.982434841,0.969150103
5/23/2016,0.993147284,0.98204545,0.969150103
5/24/2016,0.993147284,0.981850841,0.968287444
5/25/2016,0.993344591,0.981850841,0.968287444
5/26/2016,0.993541977,0.982824464,0.969725779
5/27/2016,0.993245928,0.982240116,0.968862436
5/31/2016,0.993245928,0.982824464,0.969725779
6/1/2016,0.993048659,0.98204545,0.968574883
6/2/2016,0.993245928,0.982434841,0.969725779
6/3/2016,0.994035785,0.98458064,0.972900159
6/6/2016,0.994035785,0.984189972,0.97232197
6/7/2016,0.994134606,0.98458064,0.97232197
6/8/2016,0.994035785,0.98458064,0.972611007
6/9/2016,0.994134606,0.984776061,0.973189426
6/10/2016,0.994332306,0.985558328,0.97434764
6/13/2016,0.994530085,0.985558328,0.975217507
6/14/2016,0.994530085,0.985362674,0.974927436
6/15/2016,0.9948269,0.986341527,0.976088409
6/16/2016,0.994727942,0.98614564,0.976088409
6/17/2016,0.994925878,0.98614564,0.975507692
6/20/2016,0.994431185,0.985362674,0.97434764
6/21/2016,0.994332306,0.984971541,0.973768303
6/22/2016,0.994431185,0.985167078,0.974057914
6/23/2016,0.994233446,0.98458064,0.972900159
6/24/2016,0.99522293,0.98732184,0.97754222
6/27/2016,0.995520159,0.987910729,0.979290606
6/28/2016,0.995520159,0.987910729,0.978998919
6/29/2016,0.995421063,0.987714374,0.978124552
6/30/2016,0.995520159,0.988500145,0.978998919
7/1/2016,0.995520159,0.988303615,0.978998919
7/5/2016,0.995619275,0.988893382,0.980458513
7/6/2016,0.995421063,0.988500145,0.979582409
7/7/2016,0.995321987,0.988500145,0.979582409
7/8/2016,0.99522293,0.987910729,0.978998919
7/11/2016,0.995024876,0.986929539,0.977251227
7/12/2016,0.9948269,0.986341527,0.976088409
7/13/2016,0.994925878,0.986537473,0.976378941
7/14/2016,0.994727942,0.986537473,0.975797993
7/15/2016,0.9948269,0.985949811,0.97434764
7/18/2016,0.9948269,0.986537473,0.974927436
7/19/2016,0.994431185,0.98614564,0.975217507
7/20/2016,0.994431185,0.985558328,0.974637481
7/21/2016,0.994629003,0.98614564,0.975797993
7/22/2016,0.994530085,0.985949811,0.975217507
7/25/2016,0.994530085,0.98575404,0.97434764
7/26/2016,0.994530085,0.985167078,0.97434764
7/27/2016,0.994727942,0.985558328,0.975507692
7/28/2016,0.994727942,0.98575404,0.975797993
7/29/2016,0.995024876,0.986733477,0.97754222
8/1/2016,0.995024876,0.986733477,0.976960349
8/2/2016,0.995024876,0.986733477,0.976669587
8/3/2016,0.994727942,0.986733477,0.976960349
8/4/2016,0.994925878,0.98732184,0.97754222
8/5/2016,0.994431185,0.98575404,0.974637481
8/8/2016,0.994332306,0.985362674,0.974637481
8/9/2016,0.994530085,0.985949811,0.975217507
8/10/2016,0.994530085,0.986341527,0.976378941
8/11/2016,0.994530085,0.984971541,0.974057914
8/12/2016,0.994431185,0.985949811,0.975797993
8/15/2016,0.994431185,0.98575404,0.974927436
8/16/2016,0.994332306,0.984971541,0.97434764
8/17/2016,0.994233446,0.985362674,0.974637481
8/18/2016,0.994233446,0.985949811,0.976088409
8/19/2016,0.994134606,0.984971541,0.974057914
8/22/2016,0.994233446,0.984971541,0.974637481
8/23/2016,0.994233446,0.985362674,0.974637481
8/24/2016,0.994134606,0.984971541,0.97434764
8/25/2016,0.994035785,0.98458064,0.973768303
8/26/2016,0.993838203,0.983409334,0.971744238
8/29/2016,0.993838203,0.983994726,0.972900159
8/30/2016,0.993936984,0.984189972,0.972900159
8/31/2016,0.993936984,0.984189972,0.972900159
9/1/2016,0.994035785,0.98458064,0.973189426
9/2/2016,0.994134606,0.984189972,0.972900159
9/6/2016,0.994431185,0.985362674,0.974637481
9/7/2016,0.994332306,0.985362674,0.974637481
9/8/2016,0.994332306,0.98458064,0.973189426
9/9/2016,0.994233446,0.984385277,0.972611007
9/12/2016,0.994332306,0.984385277,0.972900159
9/13/2016,0.993739442,0.984189972,0.972033047
9/14/2016,0.993838203,0.984776061,0.973478807
9/15/2016,0.994035785,0.985362674,0.97434764
9/16/2016,0.993936984,0.984776061,0.973189426
9/19/2016,0.994035785,0.984385277,0.972900159
9/20/2016,0.993936984,0.984385277,0.972611007
9/21/2016,0.993936984,0.984385277,0.972900159
9/22/2016,0.994035785,0.984385277,0.973189426
9/23/2016,0.994035785,0.984776061,0.973478807
9/26/2016,0.994233446,0.984971541,0.97434764
9/27/2016,0.994233446,0.985167078,0.974637481
9/28/2016,0.994035785,0.985167078,0.97434764
9/29/2016,0.994134606,0.985558328,0.974927436
9/30/2016,0.994134606,0.984776061,0.974057914
10/3/2016,0.993739442,0.984189972,0.973189426
10/4/2016,0.9936407,0.983799537,0.972033047
10/5/2016,0.993541977,0.983214319,0.971166965
10/6/2016,0.993541977,0.983019363,0.970590148
10/7/2016,0.993443274,0.983604406,0.970878499
10/11/2016,0.993147284,0.982824464,0.969725779
10/12/2016,0.993245928,0.982824464,0.970878499
10/13/2016,0.993443274,0.983214319,0.970590148
10/14/2016,0.993443274,0.983409334,0.970590148
10/17/2016,0.993541977,0.983994726,0.971166965
10/18/2016,0.993443274,0.983799537,0.971744238
10/19/2016,0.993541977,0.983994726,0.971744238
10/20/2016,0.993443274,0.983409334,0.971166965
10/21/2016,0.993443274,0.983409334,0.971166965
10/24/2016,0.993443274,0.983409334,0.970590148
10/25/2016,0.993443274,0.983019363,0.970590148
10/26/2016,0.993344591,0.983019363,0.970301911
10/27/2016,0.993245928,0.982824464,0.969437884
10/28/2016,0.993443274,0.983019363,0.970013788
10/31/2016,0.993443274,0.983019363,0.970590148
11/1/2016,0.993541977,0.983604406,0.970878499
11/2/2016,0.9936407,0.983994726,0.971166965
11/3/2016,0.9936407,0.983994726,0.971166965
11/4/2016,0.993838203,0.984189972,0.972033047
11/7/2016,0.993739442,0.983799537,0.970878499
11/8/2016,0.992950055,0.982824464,0.969437884
11/9/2016,0.992851469,0.982240116,0.967138823
11/10/2016,0.992851469,0.981850841,0.9657056
11/14/2016,0.992358837,0.980296049,0.96284764
11/15/2016,0.992260369,0.979907929,0.962562464
11/16/2016,0.992457324,0.980296049,0.962562464
11/17/2016,0.992358837,0.979520038,0.961707613
11/18/2016,0.992358837,0.978938635,0.960285109
11/21/2016,0.992260369,0.978744948,0.960285109
11/22/2016,0.992260369,0.978938635,0.960569385
11/23/2016,0.992063492,0.977970778,0.959149125
11/25/2016,0.991965083,0.977970778,0.958865409
11/28/2016,0.992161921,0.978164234,0.959716893
11/29/2016,0.992260369,0.97855132,0.960000945
11/30/2016,0.992063492,0.978164234,0.959149125
12/1/2016,0.991866693,0.977584037,0.957731664
12/2/2016,0.992063492,0.978164234,0.959149125
12/5/2016,0.991866693,0.977777379,0.958581805
12/6/2016,0.991768323,0.977970778,0.958865409
12/7/2016,0.991571641,0.978357748,0.959432953
12/8/2016,0.991669972,0.977970778,0.959149125
12/9/2016,0.991571641,0.977390753,0.958298313
12/12/2016,0.991571641,0.977390753,0.958014932
12/13/2016,0.991276764,0.977004356,0.957448507
12/14/2016,0.990883868,0.975075805,0.954341133
12/15/2016,0.990982063,0.97469078,0.953214513
12/16/2016,0.990982063,0.974883264,0.953777601
12/19/2016,0.991080278,0.97565377,0.954905109
12/20/2016,0.991080278,0.975461058,0.954623065
12/21/2016,0.991276764,0.976232249,0.955187263
12/22/2016,0.991375037,0.976039366,0.955187263
12/23/2016,0.991375037,0.976039366,0.955187263
12/27/2016,0.991178511,0.974883264,0.954059311
12/28/2016,0.991080278,0.975268403,0.954905109
12/29/2016,0.991571641,0.976039366,0.956599705
12/30/2016,0.991571641,0.97642519,0.957165461
1/3/2017,0.991178511,0.976039366,0.956316994
1/4/2017,0.991375037,0.97565377,0.956316994
1/5/2017,0.991768323,0.977004356,0.958298313
1/6/2017,0.991571641,0.976039366,0.956316994
1/9/2017,0.991866693,0.976232249,0.957165461
1/10/2017,0.991866693,0.976618188,0.957165461
1/11/2017,0.991866693,0.97642519,0.957165461
1/12/2017,0.991965083,0.976811243,0.957731664
1/13/2017,0.991866693,0.976232249,0.956882527
1/17/2017,0.992063492,0.977004356,0.958581805
1/18/2017,0.991866693,0.975846539,0.956034394
1/19/2017,0.991768323,0.975461058,0.955469529
1/20/2017,0.991866693,0.97642519,0.956316994
1/23/2017,0.992161921,0.977197526,0.958298313
1/24/2017,0.991965083,0.976232249,0.956599705
1/25/2017,0.991866693,0.975846539,0.955751906
1/26/2017,0.991866693,0.976232249,0.956599705
1/27/2017,0.991866693,0.976039366,0.956882527
1/30/2017,0.991965083,0.976039366,0.956882527
1/31/2017,0.991669972,0.976618188,0.957448507
2/1/2017,0.991768323,0.976039366,0.956599705
2/2/2017,0.991669972,0.976232249,0.956882527
2/3/2017,0.991866693,0.976232249,0.956599705
2/6/2017,0.992161921,0.977197526,0.958298313
2/7/2017,0.992063492,0.977197526,0.958298313
2/8/2017,0.992161921,0.977390753,0.959149125
2/9/2017,0.992063492,0.97642519,0.957448507
2/10/2017,0.991965083,0.97642519,0.957165461
2/13/2017,0.991866693,0.97642519,0.956882527
2/14/2017,0.991669972,0.975461058,0.955469529
2/15/2017,0.991473329,0.975075805,0.954341133
2/16/2017,0.991866693,0.976039366,0.956316994
2/17/2017,0.991866693,0.976232249,0.956882527
2/21/2017,0.991768323,0.976039366,0.956316994
2/22/2017,0.991866693,0.976039366,0.956599705
2/23/2017,0.991965083,0.976811243,0.958014932
2/24/2017,0.992063492,0.977970778,0.959716893
2/27/2017,0.991965083,0.97642519,0.957448507
2/28/2017,0.991276764,0.976039366,0.956599705
3/1/2017,0.990883868,0.97469078,0.954341133
3/2/2017,0.990295108,0.97411367,0.953496001
3/3/2017,0.990295108,0.97411367,0.953777601
3/6/2017,0.990393186,0.974305983,0.953496001
3/7/2017,0.98990299,0.97411367,0.952933135
3/8/2017,0.989805008,0.973344986,0.952089665
3/9/2017,0.989707047,0.973152958,0.951527905
3/10/2017,0.989805008,0.973344986,0.95180873
3/13/2017,0.989511181,0.972577213,0.950966587
3/14/2017,0.989511181,0.972577213,0.951247191
3/15/2017,0.98990299,0.973921413,0.953777601
3/16/2017,0.99000099,0.973537072,0.952651868
3/17/2017,0.99009901,0.973921413,0.953496001
3/20/2017,0.99000099,0.974498353,0.954341133
3/21/2017,0.99009901,0.975075805,0.955187263
3/22/2017,0.990197049,0.975075805,0.955751906
3/23/2017,0.990197049,0.975268403,0.955751906
3/24/2017,0.99009901,0.975268403,0.955751906
3/27/2017,0.99009901,0.975075805,0.956034394
3/28/2017,0.989805008,0.974498353,0.954623065
3/29/2017,0.989707047,0.975268403,0.955469529
3/30/2017,0.989805008,0.974883264,0.954905109
3/31/2017,0.989805008,0.975075805,0.956316994
4/3/2017,0.98990299,0.97565377,0.957165461
4/4/2017,0.989805008,0.975461058,0.957165461
4/5/2017,0.989805008,0.97565377,0.958014932
4/6/2017,0.989609104,0.97565377,0.957731664
4/7/2017,0.989315394,0.97469078,0.955751906
4/10/2017,0.989413278,0.97469078,0.955751906
4/11/2017,0.989609104,0.97565377,0.957731664
4/12/2017,0.989707047,0.97565377,0.958014932
4/13/2017,0.989805008,0.976232249,0.959149125
4/17/2017,0.989707047,0.976232249,0.958581805
4/18/2017,0.98990299,0.976811243,0.960569385
4/19/2017,0.98990299,0.976618188,0.959716893
4/20/2017,0.99000099,0.976232249,0.958865409
4/21/2017,0.990197049,0.97642519,0.959149125
4/24/2017,0.989805008,0.975461058,0.958014932
4/25/2017,0.989217529,0.97469078,0.956599705
4/26/2017,0.989413278,0.974883264,0.957448507
4/27/2017,0.989511181,0.975461058,0.958014932
4/28/2017,0.989413278,0.974883264,0.957731664
5/1/2017,0.989217529,0.974883264,0.956882527
5/2/2017,0.989315394,0.975075805,0.957731664
5/3/2017,0.989119683,0.974498353,0.956316994
5/4/2017,0.989021857,0.97411367,0.956034394
5/5/2017,0.989119683,0.97411367,0.955751906
5/8/2017,0.988924051,0.973921413,0.955469529
5/9/2017,0.988728495,0.973152958,0.954341133
5/10/2017,0.988826263,0.973537072,0.954623065
5/11/2017,0.988826263,0.973537072,0.954905109
5/12/2017,0.989021857,0.97469078,0.956599705
5/15/2017,0.989021857,0.974305983,0.956599705
5/16/2017,0.989021857,0.97469078,0.956882527
5/17/2017,0.989315394,0.975268403,0.958581805
5/18/2017,0.989217529,0.975075805,0.958014932
5/19/2017,0.989119683,0.974883264,0.957731664
5/22/2017,0.988924051,0.97469078,0.957731664
5/23/2017,0.988728495,0.974305983,0.956599705
5/24/2017,0.988337616,0.97469078,0.957448507
5/25/2017,0.988533017,0.974498353,0.957448507
5/26/2017,0.988435307,0.974498353,0.957448507
5/30/2017,0.988533017,0.974883264,0.958014932
5/31/2017,0.988435307,0.974883264,0.958014932
6/1/2017,0.988533017,0.974883264,0.957731664
6/2/2017,0.988533017,0.974883264,0.958581805
6/5/2017,0.988533017,0.97411367,0.957731664
6/6/2017,0.988533017,0.974498353,0.958581805
6/7/2017,0.988435307,0.97411367,0.957731664
6/8/2017,0.988239945,0.973921413,0.957165461
6/9/2017,0.988142292,0.973537072,0.956316994
6/12/2017,0.988239945,0.973537072,0.956316994
6/13/2017,0.987947046,0.972960986,0.956034394
6/14/2017,0.988142292,0.973537072,0.956882527
6/15/2017,0.98804466,0.973537072,0.956599705
6/16/2017,0.98804466,0.97411367,0.956882527
6/19/2017,0.987947046,0.973344986,0.955751906
6/20/2017,0.987947046,0.973344986,0.956316994
6/21/2017,0.987947046,0.973344986,0.956316994
6/22/2017,0.987947046,0.973729214,0.956882527
6/23/2017,0.98804466,0.973729214,0.956882527
6/26/2017,0.988142292,0.973344986,0.956882527
6/27/2017,0.987947046,0.972960986,0.955469529
6/28/2017,0.98804466,0.973729214,0.956034394
6/29/2017,0.987849452,0.972960986,0.955469529
6/30/2017,0.987751877,0.972960986,0.954905109
7/3/2017,0.987751877,0.972385411,0.953496001
7/5/2017,0.987751877,0.972385411,0.953777601
7/6/2017,0.987849452,0.972577213,0.953496001
7/7/2017,0.987947046,0.972577213,0.953496001
7/10/2017,0.987849452,0.972577213,0.953777601
7/11/2017,0.988142292,0.973152958,0.954341133
7/12/2017,0.98804466,0.973537072,0.955469529
7/13/2017,0.987849452,0.973152958,0.954905109
7/14/2017,0.987947046,0.973537072,0.955187263
7/17/2017,0.987947046,0.973344986,0.955469529
7/18/2017,0.988239945,0.973344986,0.955751906
7/19/2017,0.987849452,0.973152958,0.955751906
7/20/2017,0.987947046,0.973152958,0.956034394
7/21/2017,0.987947046,0.973344986,0.956316994
7/24/2017,0.987849452,0.973152958,0.955469529
7/25/2017,0.987751877,0.972577213,0.954623065
7/26/2017,0.987849452,0.973344986,0.956316994
7/27/2017,0.987947046,0.973344986,0.955751906
7/28/2017,0.987947046,0.973729214,0.956034394
7/31/2017,0.987849452,0.973729214,0.956034394
8/1/2017,0.987947046,0.973729214,0.956316994
8/2/2017,0.987751877,0.973344986,0.955751906
8/3/2017,0.987947046,0.973729214,0.956599705
8/4/2017,0.987849452,0.973344986,0.956034394
8/7/2017,0.987947046,0.973344986,0.955751906
8/8/2017,0.987751877,0.973344986,0.955469529
8/9/2017,0.98804466,0.973921413,0.956316994
8/10/2017,0.987947046,0.973921413,0.956599705
8/11/2017,0.98804466,0.974498353,0.958298313
8/14/2017,0.987849452,0.973921413,0.956882527
8/15/2017,0.987849452,0.973537072,0.956034394
8/16/2017,0.987751877,0.973921413,0.956599705
8/17/2017,0.987751877,0.97411367,0.957448507
8/18/2017,0.987751877,0.973921413,0.957165461
8/21/2017,0.987849452,0.97411367,0.957448507
8/22/2017,0.987751877,0.973921413,0.956882527
8/23/2017,0.987947046,0.97411367,0.957731664
8/24/2017,0.987849452,0.973921413,0.957165461
8/25/2017,0.987849452,0.973537072,0.957165461
8/28/2017,0.987751877,0.973921413,0.957448507
8/29/2017,0.987849452,0.973921413,0.958298313
8/30/2017,0.987849452,0.973921413,0.958014932
8/31/2017,0.987849452,0.973921413,0.958014932
9/1/2017,0.987751877,0.973537072,0.957448507
9/5/2017,0.987849452,0.974498353,0.959149125
9/6/2017,0.987751877,0.974498353,0.958581805
9/7/2017,0.98804466,0.975075805,0.959716893
9/8/2017,0.987947046,0.975075805,0.959432953
9/11/2017,0.987751877,0.97411367,0.958014932
9/12/2017,0.987459267,0.973921413,0.957448507
9/13/2017,0.987459267,0.973537072,0.956882527
9/14/2017,0.987361769,0.973152958,0.956316994
9/15/2017,0.987166831,0.972769071,0.955469529
9/18/2017,0.987166831,0.972577213,0.955187263
9/19/2017,0.987069391,0.972577213,0.954905109
9/20/2017,0.98697197,0.971618773,0.953496001
9/21/2017,0.987069391,0.971618773,0.953777601
9/22/2017,0.987166831,0.971427255,0.954059311
9/25/2017,0.987166831,0.971810347,0.954623065
9/26/2017,0.987069391,0.971618773,0.954341133
9/27/2017,0.986874568,0.971235793,0.953496001
9/28/2017,0.987069391,0.971618773,0.953777601
9/29/2017,0.987069391,0.971235793,0.952933135
10/2/2017,0.987069391,0.97085304,0.952651868
10/3/2017,0.98697197,0.971235793,0.952933135
10/4/2017,0.986874568,0.971235793,0.952933135
10/5/2017,0.986679822,0.97085304,0.952651868
10/6/2017,0.986679822,0.969897147,0.95180873
10/10/2017,0.985998817,0.970470514,0.952370711
10/11/2017,0.986193294,0.970470514,0.95180873
10/12/2017,0.986096046,0.970470514,0.95180873
10/13/2017,0.986290561,0.970470514,0.952370711
10/16/2017,0.985998817,0.969897147,0.951247191
10/17/2017,0.986096046,0.969897147,0.950966587
10/18/2017,0.985998817,0.968942665,0.950686094
10/19/2017,0.986096046,0.969133449,0.950966587
10/20/2017,0.985901607,0.968751938,0.950125437
10/23/2017,0.985998817,0.969133449,0.950686094
10/24/2017,0.985901607,0.968751938,0.949845275
10/25/2017,0.985901607,0.968561266,0.949565222
10/26/2017,0.985901607,0.968180093,0.949005447
10/27/2017,0.985998817,0.968942665,0.949845275
10/30/2017,0.985998817,0.969133449,0.95040571
10/31/2017,0.985901607,0.968751938,0.949845275
11/1/2017,0.985610093,0.968561266,0.949565222
11/2/2017,0.985610093,0.968561266,0.949845275
11/3/2017,0.985318751,0.968180093,0.949565222
11/6/2017,0.985221675,0.968561266,0.949845275
11/7/2017,0.985318751,0.968180093,0.949285279
11/8/2017,0.984930562,0.967799145,0.948725724
11/9/2017,0.984930562,0.968180093,0.949285279
11/10/2017,0.984833563,0.967418421,0.948166609
11/13/2017,0.984736583,0.966847757,0.947328759
11/14/2017,0.984736583,0.967228144,0.947607933
11/15/2017,0.984736583,0.967228144,0.948166609
11/16/2017,0.984348853,0.966467595,0.947049695
11/17/2017,0.984251969,0.966277598,0.947049695
11/20/2017,0.984058256,0.96551817,0.946213161
11/21/2017,0.984058256,0.96551817,0.945656019
11/22/2017,0.984155103,0.966087657,0.946770741
11/24/2017,0.984155103,0.965897772,0.946491896
11/27/2017,0.984058256,0.966087657,0.946770741
11/28/2017,0.984155103,0.965897772,0.946491896
11/29/2017,0.984155103,0.965328452,0.946213161
11/30/2017,0.984058256,0.965328452,0.945099314
12/1/2017,0.984058256,0.965328452,0.945099314
12/4/2017,0.98367106,0.964949186,0.944265076
12/5/2017,0.98386462,0.964380705,0.943987215
12/6/2017,0.983477577,0.965328452,0.944543046
12/7/2017,0.983574309,0.964949186,0.944543046
12/8/2017,0.983767831,0.964949186,0.944543046
12/11/2017,0.983380863,0.964570143,0.943709462
12/12/2017,0.983284169,0.964380705,0.943709462
12/13/2017,0.983477577,0.965138791,0.945099314
12/14/2017,0.983284169,0.964570143,0.944543046
12/15/2017,0.983187494,0.964191323,0.943709462
12/18/2017,0.983284169,0.964191323,0.943987215
12/19/2017,0.983187494,0.963623511,0.943154285
12/20/2017,0.983090838,0.963623511,0.942876859
12/21/2017,0.9829942,0.963245249,0.942045235
12/22/2017,0.9829942,0.962867209,0.942045235
12/26/2017,0.982800983,0.962678273,0.941768245
12/27/2017,0.982800983,0.963245249,0.942599543
12/28/2017,0.982704403,0.962867209,0.942322335
12/29/2017,0.982704403,0.963245249,0.942876859
