DATE,STOCK_PRICE,STOCK_RETURN,OPTION_PRICE,OPTION_RETURN,IMPLIED_VOLATILITY,DELTA,GAMMA,VEGA,,,CLOSE_BID,CLOSE_ASK,VOLUME,VOLUME_BID,VOLUME_ASK,TRADES,OPEN_INTEREST,OPEN_INTEREST_CHANGE,NEXT_DAY_OPEN_INTEREST,IMPLIED_VOLATILITY_CHANGE
9/16/2014,100.86,-0.0076,50.75,0,0.351025,-0.685095,0,0,,,25.1,25.4,0,0,0,0,799,0,799,0
9/17/2014,101.58,0.0071,50.275,-0.009404,0.35072,-0.660555,0.034083333,-0.000423611,,,24.8,25.1,0,0,0,0,799,2,799,0
9/18/2014,101.79,0.0021,49.6,-0.013517,0.34055,-0.695787,-0.167771429,-0.048428571,,,24.75,25.35,2,0,0,1,797,0,799,0
9/19/2014,100.96,-0.0082,49.975,0.007532,0.335216,-0.735448,0.047784337,0.006426506,,,25.75,26.1,0,0,0,0,797,0,797,0
9/22/2014,101.06,0.001,50.3,0.006482,0.34627,-0.699941,0.35507,0.11054,,,25.5,25.9,0,0,0,0,797,0,797,0
9/23/2014,102.64,0.0156,49.45,-0.017043,0.349442,-0.640429,0.037665823,0.002007595,,,25.1,25.4,0,0,0,0,797,0,797,0
9/24/2014,101.75,-0.0087,49.75,0.006048,0.342991,-0.686728,0.052021348,0.007248315,,,25.65,26,0,0,0,0,797,0,797,0
9/25/2014,97.87,-0.0381,52.35,0.050941,0.337097,-0.748287,0.015865722,0.001519072,,,25.75,26.1,0,0,0,0,797,0,797,0
9/26/2014,100.75,0.0294,50.025,-0.045429,0.33302,-0.740587,0.002673611,-0.001415625,,,26.85,27.3,0,0,0,0,797,0,797,0
9/29/2014,100.11,-0.0064,51.125,0.021751,0.346392,-0.726862,-0.021445313,-0.02089375,,,28.15,28.5,0,0,0,0,797,-3,797,0
9/30/2014,100.75,0.0064,50.325,-0.015772,0.339716,-0.730524,-0.005721875,-0.01043125,,,28.7,29.1,3,0,0,1,800,-15,797,0
10/1/2014,99.18,-0.0156,51.675,0.026472,0.343517,-0.739246,0.005555414,-0.002421019,,,28.65,29.1,0,0,0,0,815,-25,800,-0.016522
10/2/2014,99.9,0.0073,51.4,-0.005336,0.349115,-0.73,0.012841667,0.007775,,,29.05,29.45,601,601,0,2,840,0,815,0.053462
10/3/2014,99.62,-0.0028,51.325,-0.00146,0.341146,-0.737238,0.02585,0.028460714,,,28.1,28.5,0,0,0,0,840,0,840,0.040843
10/6/2014,99.62,0,50.875,-0.008806,0.329921,-0.744074,0,0,,,28,28.5,0,0,0,0,840,0,840,0
10/7/2014,98.75,-0.0087,51.525,0.012695,0.332438,-0.744758,0.000786207,-0.002893103,,,27.5,27.9,0,0,0,0,840,0,840,0
10/8/2014,100.8,0.0208,50.675,-0.016634,0.345484,-0.712383,0.015792683,0.006363902,,,28.4,28.7,0,0,0,0,840,0,840,0.020141
10/9/2014,101.02,0.0022,50.325,-0.006931,0.340226,-0.724067,-0.053109091,-0.0239,,,28.5,29,100,0,88,8,840,0,840,0
10/10/2014,100.73,-0.0029,50.1,-0.004481,0.333501,-0.746668,0.077934483,0.023189655,,,27.75,28.05,20,0,15,4,840,29,840,0
10/13/2014,99.81,-0.0091,50.975,0.017314,0.336172,-0.746943,0.000298913,-0.002903261,,,27.9,28.25,3,0,0,1,811,0,840,-0.023382
10/14/2014,98.75,-0.0106,52.175,0.023268,0.34556,-0.74527,-0.001578302,-0.008856604,,,28.15,28.7,0,0,0,0,811,0,811,0.036851
10/15/2014,97.54,-0.0123,53.825,0.031135,0.362534,-0.73964,-0.004652893,-0.014028099,,,28.85,29.25,0,0,0,0,811,0,811,0.003287
10/16/2014,96.26,-0.0131,54.65,0.015211,0.356721,-0.743493,0.003010156,0.004541406,,,28.95,29.45,0,0,0,0,811,0,811,0
10/17/2014,97.67,0.0146,53.2,-0.026891,0.341642,-0.747019,-0.002500709,-0.010694326,,,29.55,30,0,0,0,0,811,0,811,0
10/20/2014,99.76,0.0214,51.65,-0.029568,0.344732,-0.744319,0.001291866,0.001478469,,,29.7,30,750,0,0,1,811,0,811,-0.007713
10/21/2014,102.47,0.0272,49.675,-0.038988,0.346573,-0.680815,0.02343321,0.000679336,,,31.5,31.95,0,0,0,0,811,0,811,-0.008983
10/22/2014,102.99,0.0051,49.05,-0.012662,0.340778,-0.686369,-0.010680769,-0.011144231,,,30.85,31.4,0,0,0,0,811,0,811,-0.001575
10/23/2014,104.83,0.0179,47.975,-0.02216,0.342584,-0.635771,0.027498913,0.000981522,,,32.7,33.15,0,0,0,0,811,0,811,0.001209
10/24/2014,105.22,0.0037,47.95,-0.000521,0.346881,-0.628763,0.017969231,0.011017949,,,33.75,34.25,0,0,0,0,811,0,811,-0.005478
10/27/2014,105.11,-0.001,47.95,0,0.346774,-0.630129,0.012418182,0.000972727,,,34.8,35.35,0,0,0,0,811,0,811,0.016673
10/28/2014,106.74,0.0155,47.1,-0.017886,0.349811,-0.619231,0.00668589,0.00186319,,,35.65,36.15,0,0,0,0,811,0,811,-0.017903
10/29/2014,107.34,0.0056,46.8,-0.00639,0.35078,-0.616669,0.00427,0.001615,,,34.9,35.4,0,0,0,0,811,-3,811,0
10/30/2014,106.98,-0.0034,46.55,-0.005356,0.343065,-0.622943,0.017427778,0.021430556,,,35.25,35.75,0,0,0,0,814,0,811,0
10/31/2014,108,0.0095,46,-0.011886,0.345207,-0.617795,0.005047059,0.0021,,,34.2,34.7,0,0,0,0,814,11,814,0
11/3/2014,109.4,0.013,44.5,-0.033152,0.335169,-0.619208,-0.001009286,-0.00717,,,33.3,33.75,26,2,0,2,803,-481,814,0
11/4/2014,108.6,-0.0073,45.125,0.013947,0.338312,-0.619997,0.00098625,-0.00392875,,,33.3,33.65,20,0,20,5,1284,-2,803,0
11/5/2014,108.86,0.0024,44.75,-0.008345,0.335505,-0.620913,-0.003523077,-0.010796154,,,32.95,33.45,0,0,0,0,1286,500,1284,0
11/6/2014,108.7,-0.0015,44.5,-0.005602,0.331243,-0.653777,0.2054,0.0266375,,,33.55,34,500,0,0,1,786,0,1286,-0.025718
11/7/2014,109.01,0.0029,44.225,-0.006199,0.330845,-0.651751,0.006535484,-0.001283871,,,33,33.5,0,0,0,0,786,-4667,786,0
11/10/2014,108.83,-0.0017,44.125,-0.002264,0.327082,-0.657416,0.031472222,0.020905556,,,32.95,33.55,4500,1500,0,3,5453,-151,786,0
11/11/2014,109.7,0.008,43.55,-0.013117,0.32579,-0.651402,0.006912644,-0.001485057,,,34.7,35.2,5000,0,0,2,5604,0,5453,0.040192
11/12/2014,111.25,0.0141,42.3,-0.029123,0.321083,-0.64345,0.005130323,-0.003036774,,,34.8,35.3,0,0,0,0,5604,0,5604,0
11/13/2014,112.82,0.0141,41.125,-0.028171,0.317725,-0.633992,0.006024204,-0.002138854,,,34.75,35.2,50,0,50,5,5604,0,5604,0
11/14/2014,114.18,0.0121,40.625,-0.012233,0.323277,-0.617752,0.011941176,0.004082353,,,37.65,38.1,2500,0,0,2,5604,87,5604,0
11/17/2014,113.99,-0.0017,40.95,0.007968,0.326963,-0.615844,-0.010042105,-0.0194,,,39.05,39.55,100,0,0,10,5517,0,5604,0
11/18/2014,115.47,0.013,40.05,-0.022223,0.33304,-0.607857,0.005396622,0.004106081,,,36.1,37,0,0,0,0,5517,0,5517,0
11/19/2014,114.67,-0.0069,40.325,0.006843,0.32886,-0.617566,0.01213625,0.005225,,,36.9,37.55,0,0,0,0,5517,0,5517,0.01935
11/20/2014,116.31,0.0143,39.125,-0.03021,0.325439,-0.608198,0.005712195,-0.002085976,,,33.9,34.4,21,0,0,1,5517,-28,5517,-0.052837
11/21/2014,116.47,0.0014,38.875,-0.00641,0.323643,-0.608549,-0.00219375,-0.011225,,,33.5,34.8,0,0,0,0,5545,-100,5517,0.060341
11/24/2014,118.62,0.0185,38,-0.022765,0.330867,-0.5869,0.010069302,0.00336,,,34.35,34.85,2625,0,113,5,5645,-550,5545,0
11/25/2014,117.6,-0.0086,37.925,-0.001976,0.295066,-0.627481,0.039785294,0.03509902,,,35.7,36.6,0,0,0,0,6195,-1114,5645,0
11/26/2014,119,0.0119,37.475,-0.011936,0.30218,-0.610306,0.012267857,0.005081429,,,34.95,35.4,0,0,0,0,7309,-3,6195,0
11/28/2014,118.93,-0.0006,37.45,-0.000667,0.300342,-0.612536,0.031857143,0.026257143,,,33.4,34.25,92,0,0,2,7312,-30,7309,0
12/1/2014,115.07,-0.0325,39.95,0.064622,0.301447,-0.641531,0.007511658,-0.000286269,,,33.85,34.35,0,0,0,0,7342,19,7312,0
12/2/2014,114.63,-0.0038,39.925,-0.000626,0.296234,-0.650453,0.020277273,0.011847727,,,31.85,32.1,30,0,30,6,7323,0,7342,0
12/3/2014,115.93,0.0113,39.425,-0.012603,0.300869,-0.635304,0.011653077,0.003565385,,,31.65,32.05,10,0,10,2,7323,0,7323,0
12/4/2014,115.49,-0.0038,39.375,-0.001269,0.297177,-0.642428,0.016190909,0.008390909,,,30.85,31.25,0,0,0,0,7323,-15,7323,0
12/5/2014,115,-0.0042,40.125,0.018868,0.304942,-0.638631,-0.00774898,-0.015846939,,,29.85,30.1,24,0,15,5,7338,-50,7323,0
12/8/2014,112.4,-0.0226,42.125,0.048642,0.311133,-0.653431,0.005692308,-0.002381154,,,26.05,28.8,50,0,50,1,7388,-4,7338,-0.000195
12/9/2014,114.12,0.0153,41.3,-0.019779,0.317651,-0.633192,0.01176686,0.003789535,,,27.9,28.1,4,4,0,2,7392,-20,7388,-0.014307
12/10/2014,111.95,-0.019,42.725,0.033922,0.31936,-0.648677,0.007135945,-0.000787558,,,29,29.2,39,19,20,3,7412,0,7392,0.048975
12/11/2014,111.62,-0.0029,42.775,0.00117,0.31543,-0.655452,0.020530303,0.011909091,,,28.2,28.75,0,0,0,0,7412,0,7412,-0.023389
12/12/2014,109.73,-0.0169,44.675,0.04346,0.327783,-0.658076,0.00138836,-0.006535979,,,28.4,28.55,0,0,0,0,7412,64,7412,-0.002051
12/15/2014,108.22,-0.0138,45.6,0.020494,0.327784,-0.6707,0.008360265,-6.62E-07,,,28.05,28.25,118,0,118,15,7348,327,7412,0.012235
12/16/2014,106.75,-0.0136,46.575,0.021156,0.333059,-0.660949,-0.006633333,-0.003588435,,,27.95,28.1,432,33,279,57,7021,-135,7348,0.008614
12/17/2014,109.41,0.0249,45.075,-0.032736,0.337598,-0.625468,0.013338722,0.001706391,,,27.85,28,286,110,165,20,7156,-2,7021,-0.018944
12/18/2014,112.65,0.0296,42.95,-0.048291,0.335742,-0.620894,0.001411728,-0.00057284,,,28.55,28.7,2,2,0,1,7158,262,7156,0.01333
12/19/2014,111.78,-0.0077,42.9,-0.001165,0.325099,-0.625771,0.005605747,0.012233333,,,28.15,28.3,262,0,262,61,6896,7,7158,0.016993
12/22/2014,112.94,0.0104,42.35,-0.012903,0.329642,-0.622326,0.002969828,0.003916379,,,29.1,29.3,7,0,7,1,6889,-3,6896,-0.038335
12/23/2014,112.54,-0.0035,41.325,-0.024501,0.307838,-0.632556,0.025575,0.05451,,,29.35,29.8,3,0,3,1,6892,-10,6889,0.008402
12/24/2014,112.01,-0.0047,42.05,0.017392,0.31527,-0.630211,-0.004424528,-0.014022642,,,31.2,31.75,20,0,0,2,6902,0,6892,0.006305
12/26/2014,113.99,0.0177,40.7,-0.032631,0.314242,-0.626215,0.002018182,-0.000519192,,,31.35,31.9,0,0,0,0,6902,0,6902,-0.031012
12/29/2014,113.91,-0.0007,41.125,0.010388,0.320616,-0.623964,-0.0281375,-0.079675,,,32.3,32.8,0,0,0,0,6902,0,6902,0.013233
12/30/2014,112.52,-0.0122,41.275,0.003641,0.308548,-0.632656,0.006253237,0.008682014,,,32.3,32.8,0,0,0,0,6902,0,6902,0.005908
12/31/2014,110.38,-0.019,43.075,0.042686,0.315242,-0.637449,0.00223972,-0.003128037,,,32.75,33.25,0,0,0,0,6902,0,6902,-0.024268
1/2/2015,109.33,-0.0095,44.275,0.027477,0.324589,-0.635797,-0.001573333,-0.008901905,,,32.3,32.85,0,0,0,0,6902,3,6902,0.030615
1/5/2015,106.25,-0.0282,46.725,0.053859,0.332291,-0.678499,0.013864286,-0.002500649,,,33.1,33.5,3,0,0,1,6899,2,6902,-0.002343
1/6/2015,106.26,0.0001,46.825,0.002138,0.334368,-0.670942,0.7557,0.2077,,,31.4,31.75,2,0,0,1,6897,0,6899,0.005468
1/7/2015,107.75,0.014,46.25,-0.012356,0.34141,-0.630589,0.02708255,0.004726174,,,32.25,32.55,0,0,0,0,6897,0,6897,-0.014598
1/8/2015,111.89,0.0384,43.325,-0.065332,0.334199,-0.622135,0.002042029,-0.001741787,,,32.4,32.9,0,0,0,0,6897,0,6897,-0.01656
1/9/2015,112.01,0.0011,43.075,-0.005787,0.331428,-0.622906,-0.006425,-0.023091667,,,32.55,33.3,0,0,0,0,6897,0,6897,0.028326
1/12/2015,109.25,-0.0246,45.225,0.048707,0.341295,-0.62436,0.000526812,-0.003575,,,30.65,31.2,0,0,0,0,6897,0,6897,-0.012597
1/13/2015,110.22,0.0089,44.45,-0.017285,0.336792,-0.624006,0.000364948,-0.004642268,,,31.8,32.25,0,0,0,0,6897,0,6897,0.023117
1/14/2015,109.8,-0.0038,45.325,0.019494,0.34751,-0.620592,-0.008128571,-0.025519048,,,31.7,32.1,0,0,0,0,6897,0,6897,-0.037912
1/15/2015,106.82,-0.0271,47.325,0.04318,0.349822,-0.62775,0.002402013,-0.000775839,,,31.9,32.3,0,0,0,0,6897,0,6897,0.021533
1/16/2015,105.99,-0.0078,47.825,0.01051,0.34751,-0.640481,0.015338554,0.002785542,,,30.45,30.95,0,0,0,0,6897,0,6897,0.001472
1/20/2015,108.72,0.0258,45.8,-0.043264,0.341687,-0.624922,0.005699267,-0.002132967,,,29.85,30.3,1,1,0,1,6897,0,6897,-0.016473
1/21/2015,109.55,0.0076,44.35,-0.032171,0.327493,-0.630873,-0.00716988,-0.017101205,,,33.6,33.95,0,0,0,0,6897,0,6897,-0.078727
1/22/2015,112.4,0.026,42.25,-0.048508,0.319782,-0.627504,0.001182105,-0.002705614,,,37.15,38.75,0,0,0,0,6897,0,6897,0.057975
1/23/2015,112.98,0.0052,41.025,-0.029423,0.305255,-0.632353,-0.008360345,-0.025046552,,,39.7,40.3,0,0,0,0,6897,0,6897,-0.054293
1/26/2015,113.1,0.0011,40.875,-0.003663,0.304984,-0.632211,0.001183333,-0.002258333,,,41.55,43.4,0,0,0,0,6897,0,6897,0.023831
1/27/2015,109.14,-0.035,42.85,0.047187,0.292365,-0.747153,0.029025758,0.003186616,,,39.6,40.55,0,0,0,0,6897,0,6897,0.121684
1/28/2015,115.31,0.0565,39.6,-0.078877,0.307481,-0.628349,0.019255105,0.002449919,,,36.55,37.3,0,0,0,0,6897,0,6897,-0.094336
1/29/2015,118.9,0.0311,37.775,-0.047182,0.313513,-0.623119,0.001456825,0.001680223,,,37.6,38.05,0,0,0,0,6897,0,6897,0.004004
1/30/2015,117.16,-0.0146,39.475,0.04402,0.324103,-0.620799,-0.001333333,-0.006086207,,,37.55,38,0,0,0,0,6897,0,6897,-0.008594
2/2/2015,118.63,0.0125,38.225,-0.032178,0.318448,-0.621858,-0.000720408,-0.003846939,,,38.6,39,0,0,0,0,6897,0,6897,0.019583
2/3/2015,118.65,0.0002,37.925,-0.007879,0.312706,-0.623761,-0.09515,-0.2871,,,38.8,39.85,0,0,0,0,6897,7,6897,-0.014212
2/4/2015,119.56,0.0077,36.6,-0.035562,0.300146,-0.626601,-0.003120879,-0.013802198,,,39.2,39.75,15,1,0,6,6890,0,6897,0.013086
2/5/2015,119.94,0.0032,36.4,-0.005479,0.301486,-0.612532,0.037023684,0.003526316,,,38.35,38.9,0,0,0,0,6890,0,6890,-0.007324
2/6/2015,118.93,-0.0084,36.975,0.015673,0.300562,-0.621104,0.008487129,0.000914851,,,38.35,38.7,24,24,0,4,6890,0,6890,0.01882
2/9/2015,119.72,0.0066,36.25,-0.019803,0.29761,-0.617441,0.004636709,-0.003736709,,,37.65,38,0,0,0,0,6890,0,6890,-0.012668
2/10/2015,122.02,0.0192,34.825,-0.040104,0.300147,-0.597296,0.008758696,0.001103043,,,37.25,37.65,1,0,1,1,6890,0,6890,0.013916
2/11/2015,124.88,0.0234,33.25,-0.046281,0.303926,-0.573664,0.008262937,0.001321329,,,36.35,36.8,0,0,0,0,6890,3,6890,-0.003808
2/12/2015,126.46,0.0127,32.625,-0.018976,0.309033,-0.556132,0.011096203,0.003232278,,,36.75,37.1,32,7,0,6,6887,0,6890,0.004003
2/13/2015,127.08,0.0049,32.25,-0.011561,0.308643,-0.550457,0.009153226,-0.000629032,,,35.95,36.25,0,0,0,0,6887,0,6887,-0.004248
2/17/2015,127.83,0.0059,31.6,-0.020361,0.304492,-0.547056,0.004534667,-0.005534667,,,36.15,36.65,0,0,0,0,6887,0,6887,0.007764
2/18/2015,128.72,0.007,31.4,-0.006349,0.307886,-0.537113,0.01117191,0.003813483,,,36.1,36.35,0,0,0,0,6887,0,6887,0.021786
2/19/2015,128.45,-0.0021,31.3,-0.00319,0.30523,-0.541025,0.014488889,0.009837037,,,35.8,36.2,0,0,0,0,6887,0,6887,-0.021737
2/20/2015,129.5,0.0082,30.975,-0.010438,0.308057,-0.530516,0.010008571,0.002692381,,,35.9,36.15,0,0,0,0,6887,0,6887,-0.011688
2/23/2015,133,0.027,29.025,-0.065023,0.303418,-0.506585,0.006837429,-0.001325429,,,37.1,37.6,0,0,0,0,6887,0,6887,0.012135
2/24/2015,132.17,-0.0062,29.55,0.017926,0.305558,-0.511561,0.005995181,-0.002578313,,,37.25,37.75,0,0,0,0,6887,0,6887,0.001506
2/25/2015,128.79,-0.0256,31.375,0.059928,0.308203,-0.536599,0.007407692,-0.000782544,,,37.3,37.55,0,0,0,0,6887,0,6887,-0.002978
2/26/2015,130.41,0.0126,30.7,-0.021749,0.309619,-0.522844,0.008490741,0.000874074,,,36.4,36.95,0,0,0,0,6887,0,6887,-0.017383
2/27/2015,128.46,-0.015,0,0,0,0,-0.268125128,0.158778974,,,37,37.4,0,0,0,0,6887,-10,6887,0.021193
3/2/2015,129.09,0.0049,31.35,0,0.310132,-0.5337,-0.847142857,0.492273016,,,37.75,38.15,20,0,0,2,6897,0,6887,0.002488
3/3/2015,129.36,0.0021,31.375,0.000797,0.312175,-0.530299,0.012596296,0.007566667,,,39.2,39.85,0,0,0,0,6897,0,6897,-0.030322
3/4/2015,128.54,-0.0063,31.4,0.000796,0.307446,-0.53998,0.011806098,0.005767073,,,39.4,41.25,0,0,0,0,6897,0,6897,0.033447
3/5/2015,126.41,-0.0166,33,0.0497,0.315552,-0.552406,0.005833803,-0.003805634,,,41.15,41.7,0,0,0,0,6897,-10,6897,0.010791
3/6/2015,126.6,0.0015,32.575,-0.012962,0.310767,-0.554553,-0.0113,-0.025184211,,,39.65,40.05,13,13,0,3,6907,0,6897,-0.080299
3/9/2015,127.14,0.0043,32.125,-0.013911,0.30797,-0.551813,0.005074074,-0.00517963,,,41.5,42.75,0,0,0,0,6907,0,6907,0.078493
3/10/2015,124.51,-0.0207,33.725,0.048605,0.310092,-0.571863,0.007623574,-0.000806844,,,41.3,41.75,0,0,0,0,6907,0,6907,0
3/11/2015,122.24,-0.0182,34.9,0.034247,0.306055,-0.591241,0.008536564,0.001778414,,,42.25,43.25,0,0,0,0,6907,0,6907,0
3/12/2015,124.45,0.0181,33.8,-0.032026,0.310303,-0.572196,0.008617647,0.001922172,,,47.6,51.5,0,0,0,0,6907,0,6907,0.031374
3/13/2015,123.59,-0.0069,34.475,0.019774,0.312866,-0.576344,0.004823256,-0.002980233,,,48.3,49.1,0,0,0,0,6907,-1,6907,-0.013087
3/16/2015,124.95,0.011,33.375,-0.032427,0.308057,-0.570265,0.004469853,-0.003536029,,,47.1,48.05,1,0,0,1,6908,0,6907,0.055586
3/17/2015,127.04,0.0167,31.625,-0.053859,0.299928,-0.559677,0.005066029,-0.003889474,,,46.2,46.8,0,0,0,0,6908,0,6908,0.007977
3/18/2015,128.47,0.0113,30.65,-0.031315,0.296327,-0.549278,0.007272028,-0.002518182,,,45.65,46.25,0,0,0,0,6908,0,6908,-0.002906
3/19/2015,127.5,-0.0076,31.25,0.019387,0.298072,-0.556772,0.007725773,-0.001798969,,,45.65,46.45,0,0,0,0,6908,0,6908,-0.014251
3/20/2015,125.9,-0.0125,31.775,0.01666,0.291528,-0.57516,0.0114925,0.00409,,,45.6,46.7,0,0,0,0,6908,0,6908,-0.017061
3/23/2015,127.21,0.0104,31.325,-0.014263,0.295639,-0.562102,0.009967939,0.003138168,,,46.85,47.65,0,0,0,0,6908,0,6908,0.032141
3/24/2015,126.69,-0.0041,31.5,0.005571,0.300027,-0.599118,0.071184615,-0.008438462,,,46.8,47.4,0,0,0,0,6908,0,6908,0.021044
3/25/2015,123.38,-0.0261,33.75,0.068993,0.303155,-0.626079,0.008145317,-0.000945015,,,48.6,49.25,10,0,0,1,6908,0,6908,-0.03671
3/26/2015,124.24,0.007,33.225,-0.015678,0.303165,-0.625855,0.000260465,1.16E-05,,,48.25,48.75,0,0,0,0,6908,0,6908,0.020654
3/27/2015,123.25,-0.008,34,0.023058,0.305542,-0.62572,-0.000136364,-0.00240101,,,48.6,49.1,0,0,0,0,6908,0,6908,-0.015576
3/30/2015,126.37,0.0253,31.75,-0.068468,0.301147,-0.608495,0.005520833,-0.001408654,,,48.75,49.65,4,4,0,1,6908,0,6908,-0.013281
3/31/2015,124.43,-0.0154,32.95,0.037099,0.300342,-0.626608,0.009336598,0.000414948,,,49.2,50.75,0,0,0,0,6908,0,6908,-0.009375
4/1/2015,124.25,-0.0014,33.2,0.007559,0.302466,-0.626246,-0.002011111,-0.0118,,,50.05,50.7,0,0,0,0,6908,0,6908,0.010156
4/2/2015,125.32,0.0086,32.35,-0.025936,0.299255,-0.626185,5.70E-05,-0.003000935,,,50.6,51.1,0,0,0,0,6908,0,6908,0.044014
4/6/2015,127.35,0.0162,31.075,-0.04021,0.29834,-0.574714,0.025355172,-0.000450739,,,49.6,50.15,0,0,0,0,6908,0,6908,0
4/7/2015,126.01,-0.0105,31.775,0.022276,0.304712,-0.609433,0.025909701,-0.004755224,,,49.45,50.6,0,0,0,0,6908,0,6908,0
4/8/2015,125.6,-0.0033,32.25,0.014838,0.308398,-0.612658,0.007865854,-0.008990244,,,51.1,51.6,0,0,0,0,6908,0,6908,-0.027554
4/9/2015,126.56,0.0076,31.7,-0.017201,0.300391,-0.605604,0.007347917,-0.008340625,,,51.95,52.45,0,0,0,0,6908,0,6908,0
4/10/2015,127.1,0.0043,31.225,-0.015098,0.298022,-0.589176,0.030422222,-0.004387037,,,53.05,54.2,0,0,0,0,6908,-1,6908,0
4/13/2015,126.85,-0.002,31.175,-0.001603,0.295166,-0.608112,0.075744,0.011424,,,51.7,53.15,2,0,0,2,6909,0,6908,-0.006194
4/14/2015,126.3,-0.0043,31.5,0.010371,0.295093,-0.622085,0.025405455,0.000132727,,,49.25,50.4,0,0,0,0,6909,0,6909,0.031812
4/15/2015,126.78,0.0038,31.1,-0.01278,0.293408,-0.614348,0.01611875,-0.003510417,,,49.9,50.55,0,0,0,0,6909,13,6909,0.020917
4/16/2015,126.17,-0.0048,31.3,0.00641,0.296521,-0.62755,0.021642623,-0.005103279,,,49.7,49.95,18,13,5,2,6896,0,6909,-0.01156
4/17/2015,124.75,-0.0113,32.5,0.037622,0.301741,-0.629484,0.001361972,-0.003676056,,,50.45,50.85,0,0,0,0,6896,0,6896,-0.004355
4/20/2015,127.6,0.0228,30.425,-0.065975,0.296851,-0.590066,0.013830877,-0.001715789,,,50.05,50.8,0,0,0,0,6896,0,6896,-0.033642
4/21/2015,126.91,-0.0054,30.925,0.0163,0.298174,-0.612585,0.032636232,-0.001917391,,,48,48.8,0,0,0,0,6896,0,6896,-0.015842
4/22/2015,128.62,0.0135,29.875,-0.034543,0.297311,-0.538773,0.043164912,-0.000504678,,,48.45,49.35,0,0,0,0,6896,0,6896,0.025633
4/23/2015,129.67,0.0082,29.025,-0.028864,0.292722,-0.511982,0.025515238,-0.004370476,,,48.2,48.7,0,0,0,0,6896,0,6896,-0.007656
4/24/2015,130.28,0.0047,29.15,0.004297,0.299243,-0.496472,0.02542623,0.010690164,,,48.25,48.95,0,0,0,0,6896,0,6896,0.031504
4/27/2015,132.65,0.0182,28.175,-0.03402,0.30188,-0.488712,0.003274262,0.001112658,,,46.5,47.5,0,0,0,0,6896,0,6896,0.01112
4/28/2015,130.56,-0.0158,28.475,0.010591,0.290845,-0.499929,0.005366986,0.005279904,,,45.85,46.45,0,0,0,0,6896,0,6896,-0.028753
4/29/2015,128.64,-0.0147,29.65,0.040436,0.291992,-0.563837,0.033285417,-0.000597396,,,46.75,47.2,0,0,0,0,6896,0,6896,0.023641
4/30/2015,125.15,-0.0271,32.125,0.080172,0.297412,-0.630485,0.019096848,-0.001553009,,,46.5,47.05,1,0,1,1,6896,0,6896,0.018197
5/1/2015,128.95,0.0304,29.6,-0.08186,0.294355,-0.541504,0.023416053,-0.000804474,,,46.85,47.3,0,0,0,0,6896,0,6896,-0.02059
5/4/2015,128.7,-0.0019,29.2,-0.013606,0.286581,-0.578237,0.146932,0.031096,,,47.7,48,0,0,0,0,6896,0,6896,-0.027076
5/5/2015,125.8,-0.0225,31.025,0.060625,0.286939,-0.632212,0.018612069,-0.000123448,,,47.95,48.4,0,0,0,0,6896,0,6896,-0.001893
5/6/2015,125.01,-0.0063,31.775,0.023886,0.291052,-0.631616,-0.00075443,-0.005206329,,,47.15,47.6,0,0,0,0,6896,0,6896,0.026881
5/7/2015,125.26,0.002,31,-0.024693,0.283583,-0.603016,0.1144,-0.029876,,,45.55,46.4,0,0,0,0,6896,0,6896,-0.014542
5/8/2015,127.62,0.0188,29.275,-0.057253,0.279787,-0.586594,0.006958475,-0.001608475,,,45.35,45.85,0,0,0,0,6896,0,6896,0.059044
5/11/2015,126.32,-0.0102,29.875,0.020288,0.275788,-0.600591,0.010766923,0.003076154,,,44.95,45.55,0,0,0,0,6896,0,6896,-0.027254
5/12/2015,125.86,-0.0036,30.2,0.01082,0.275338,-0.605111,0.009826087,0.000978261,,,45.9,46.35,0,0,0,0,6896,0,6896,0.001303
5/13/2015,126.01,0.0012,30.25,0.001654,0.278377,-0.601282,0.025526667,0.02026,,,47.6,48,0,0,0,0,6896,0,6896,-0.017224
5/14/2015,128.95,0.0233,28.6,-0.056089,0.281318,-0.57353,0.009439456,0.00100034,,,49,49.6,0,0,0,0,6896,0,6896,-0.018387
5/15/2015,128.77,-0.0014,28.475,-0.00438,0.278082,-0.577708,0.023211111,0.017977778,,,50.15,51,0,0,0,0,6896,0,6896,0.055977
5/18/2015,130.19,0.011,27.475,-0.03575,0.280636,-0.56857,0.006435211,0.001798592,,,51.2,51.6,0,0,0,0,6896,0,6896,-0.038897
5/19/2015,130.07,-0.0009,27.525,0.001818,0.280225,-0.570256,0.01405,0.003425,,,50.85,51.45,0,0,0,0,6896,0,6896,-0.012775
5/20/2015,130.06,-0.0001,27.325,-0.007293,0.277283,-0.572672,0.2416,0.2942,,,51.95,52.55,0,0,0,0,6896,0,6896,-0.005867
5/21/2015,131.39,0.0102,26.6,-0.026891,0.277854,-0.557967,0.011056391,0.000429323,,,51.5,52.3,0,0,0,0,6896,0,6896,0.006457
5/22/2015,132.54,0.0088,25.875,-0.027634,0.275781,-0.548073,0.008603478,-0.001802609,,,54.7,55.6,0,0,0,0,6896,0,6896,-0.018044
5/26/2015,129.62,-0.022,27.8,0.071759,0.281323,-0.573998,0.008878425,-0.001897945,,,55.2,55.6,20,0,0,1,6896,0,6896,0.053139
5/27/2015,132.04,0.0187,26.4,-0.051672,0.285844,-0.543393,0.012646694,0.001868182,,,52.95,53.25,0,0,0,0,6896,0,6896,-0.00095
5/28/2015,131.78,-0.002,26.525,0.004724,0.280573,-0.552023,0.033192308,0.020273077,,,52,52.4,1,1,0,1,6896,0,6896,0.016591
5/29/2015,130.28,-0.0114,27.225,0.026048,0.278612,-0.569166,0.011428667,0.001307333,,,52.55,53.05,0,0,0,0,6896,0,6896,-0.08092
6/1/2015,130.53,0.0019,27.1,-0.004602,0.278662,-0.566661,0.01002,0.0002,,,52.75,53.55,0,0,0,0,6896,0,6896,0.024019
6/2/2015,129.96,-0.0044,27.35,0.009183,0.277197,-0.574047,0.012957895,0.002570175,,,52.35,52.7,0,0,0,0,6896,0,6896,0.015515
6/3/2015,130.12,0.0012,27.225,-0.004581,0.276929,-0.572508,0.00961875,-0.001675,,,51.8,52.35,0,0,0,0,6896,0,6896,0.014166
6/4/2015,129.36,-0.0058,27.75,0.0191,0.278857,-0.578572,0.007978947,-0.002536842,,,50.75,51.35,0,0,0,0,6896,-4,6896,0.003842
6/5/2015,128.65,-0.0055,28,0.008969,0.276001,-0.587756,0.012935211,0.004022535,,,52.25,52.85,4,0,0,1,6900,0,6896,-0.001219
6/8/2015,127.8,-0.0066,28.75,0.026433,0.282699,-0.593725,0.007022353,-0.00788,,,52.15,52.75,0,0,0,0,6900,0,6900,-0.037663
6/9/2015,127.42,-0.003,28.9,0.005204,0.282293,-0.596762,0.007992105,0.001068421,,,50.8,52,0,0,0,0,6900,0,6900,0.007014
6/10/2015,128.88,0.0115,27.75,-0.040606,0.277821,-0.587541,0.006315753,-0.003063014,,,48.2,48.75,0,0,0,0,6900,0,6900,-0.009846
6/11/2015,128.59,-0.0023,27.75,0,0.275,-0.592258,0.016265517,0.009727586,,,41.55,43.55,0,0,0,0,6900,0,6900,0.031201
6/12/2015,127.17,-0.011,28.6,0.030171,0.274256,-0.604861,0.008875352,0.000523944,,,41.25,41.7,0,0,0,0,6900,0,6900,0.000244
6/15/2015,126.92,-0.002,28.65,0.001747,0.272698,-0.608041,0.01272,0.006232,,,40.75,41.1,0,0,0,0,6900,0,6900,0.012858
6/16/2015,127.6,0.0054,28.05,-0.021165,0.269092,-0.605274,0.004069118,-0.005302941,,,40.3,40.75,0,0,0,0,6900,0,6900,0.004249
6/17/2015,127.3,-0.0024,28.15,0.003559,0.26748,-0.60913,0.012853333,0.005373333,,,39.25,39.55,0,0,0,0,6900,0,6900,-0.004375
6/18/2015,127.88,0.0046,27.775,-0.013411,0.267091,-0.604505,0.007974138,-0.00067069,,,39.45,39.85,0,0,0,0,6900,30,6900,-0.007507
6/19/2015,126.6,-0.01,28.475,0.02489,0.265441,-0.616889,0.009675,0.001289063,,,39.05,39.35,60,0,0,10,6870,0,6900,-0.000489
6/22/2015,127.61,0.008,27.725,-0.026692,0.262061,-0.611234,0.00559901,-0.003346535,,,36.9,37.3,0,0,0,0,6870,0,6870,0.009156
6/23/2015,127.03,-0.0045,27.875,0.005396,0.257812,-0.620135,0.015346552,0.007325862,,,34.85,35.05,0,0,0,0,6870,0,6870,-0.003492
6/24/2015,128.11,0.0085,27.3,-0.020844,0.260449,-0.607999,0.011237037,0.002441667,,,34.9,35.25,19,19,0,2,6870,0,6870,-0.007714
6/25/2015,127.5,-0.0048,27.65,0.012739,0.259961,-0.613769,0.009459016,0.0008,,,36.5,36.75,0,0,0,0,6870,0,6870,0.000266
6/26/2015,126.75,-0.0059,28.15,0.017922,0.260205,-0.620366,0.008796,-0.000325333,,,37.6,38.15,0,0,0,0,6870,0,6870,-0.003123
6/29/2015,124.53,-0.0175,29.95,0.061982,0.268659,-0.640945,0.00926982,-0.003808108,,,38.15,38.35,0,0,0,0,6870,0,6870,-0.000925
6/30/2015,125.42,0.0071,29.325,-0.021089,0.267944,-0.640646,0.000335955,-0.000803371,,,38.25,38.5,0,0,0,0,6870,0,6870,0.009763
7/1/2015,126.6,0.0094,28.55,-0.026783,0.266894,-0.640981,-0.000283898,-0.000889831,,,35.9,36.3,0,0,0,0,6870,0,6870,0.004236
7/2/2015,126.44,-0.0013,28.375,-0.006148,0.261921,-0.642109,0.00705,0.03108125,,,36.75,37.3,0,0,0,0,6870,0,6870,0.006821
7/6/2015,126,-0.0035,28.65,0.009645,0.261938,-0.642105,-9.09E-06,-3.86E-05,,,35.55,35.95,0,0,0,0,6870,0,6870,0.000625
7/7/2015,125.69,-0.0025,28.8,0.005222,0.266626,-0.638134,-0.012809677,-0.015122581,,,36.55,36.95,0,0,0,0,6870,0,6870,-0.005947
7/8/2015,122.57,-0.0248,30.975,0.072805,0.263249,-0.644797,0.002135577,0.001082372,,,37.55,37.9,0,0,0,0,6870,0,6870,0.000737
7/9/2015,120.07,-0.0204,32.8,0.057248,0.26609,-0.647531,0.0010936,-0.0011364,,,37,37.4,0,0,0,0,6870,0,6870,-0.005299
7/10/2015,123.28,0.0267,30.425,-0.075164,0.260791,-0.644895,0.000821184,-0.001650779,,,38.85,39.1,32,32,0,1,6870,0,6870,-0.002375
7/13/2015,125.66,0.0193,28.8,-0.054889,0.259058,-0.64391,0.000413866,-0.000728151,,,41.1,41.55,0,0,0,0,6870,0,6870,0.004177
7/14/2015,125.61,-0.0004,28.575,-0.007843,0.255167,-0.644253,0.00686,0.07782,,,40.6,41.15,0,0,0,0,6870,0,6870,0.006465
7/15/2015,126.82,0.0096,27.925,-0.02301,0.258447,-0.642669,0.001309091,0.002710744,,,40.15,40.6,0,0,0,0,6870,0,6870,0.002491
7/16/2015,128.51,0.0133,26.775,-0.042054,0.256689,-0.642565,6.15E-05,-0.001040237,,,39.65,39.95,0,0,0,0,6870,50,6870,0.000799
7/17/2015,129.62,0.0086,26.375,-0.015052,0.262427,-0.637707,0.004376577,0.005169369,,,40.35,40.75,50,50,0,1,6820,0,6870,-0.009611
7/20/2015,132.07,0.0189,24.975,-0.054541,0.264429,-0.52724,0.045088571,0.000817143,,,40.25,40.95,25,0,0,1,6820,0,6820,-0.004346
7/21/2015,130.75,-0.01,25.625,0.025693,0.263135,-0.609855,0.062587121,0.000980303,,,40.55,41,0,0,0,0,6820,0,6820,-0.007863
7/22/2015,125.22,-0.0423,29.025,0.124589,0.261064,-0.64236,0.005877939,0.000374503,,,40.5,41,0,0,0,0,6820,0,6820,0.013725
7/23/2015,125.16,-0.0005,29,-0.000862,0.259399,-0.643046,0.011433333,0.02775,,,41.65,42.1,0,0,0,0,6820,0,6820,0.003084
7/24/2015,124.5,-0.0053,29.4,0.013699,0.258858,-0.643707,0.001001515,0.000819697,,,43.55,44,0,0,0,0,6820,0,6820,-0.013899
7/27/2015,122.77,-0.0139,30.6,0.040005,0.260832,-0.645143,0.000830058,-0.00114104,,,44,44.4,0,0,0,0,6820,0,6820,-0.001393
7/28/2015,123.38,0.005,30.025,-0.01897,0.256885,-0.645717,-0.000940984,-0.006470492,,,45.05,45.45,0,0,0,0,6820,0,6820,-0.003612
7/29/2015,122.99,-0.0032,30.325,0.009942,0.257443,-0.64612,0.001033333,-0.001430769,,,45.1,45.55,0,0,0,0,6820,0,6820,0.002002
7/30/2015,122.37,-0.005,30.725,0.013104,0.257539,-0.646861,0.001195161,-0.000154839,,,45.15,45.65,0,0,0,0,6820,0,6820,-0.006868
7/31/2015,121.3,-0.0087,31.575,0.027289,0.260645,-0.646949,8.22E-05,-0.002902804,,,44.5,44.9,0,0,0,0,6820,43,6820,0.013146
8/3/2015,118.44,-0.0236,33.925,0.071787,0.270795,-0.650396,0.001205245,-0.003548951,,,43.25,43.7,101,40,20,20,6777,0,6820,0.000894
8/4/2015,114.64,-0.0321,36.7,0.078625,0.271387,-0.766158,0.030463684,-0.000155789,,,44.65,45.15,3,3,0,1,6777,0,6777,0.006833
8/5/2015,115.4,0.0066,36.075,-0.017177,0.270215,-0.759446,0.008831579,-0.001542105,,,45.25,45.8,0,0,0,0,6777,0,6777,-0.00605
8/6/2015,115.13,-0.0023,36.1,0.000693,0.275671,-0.717812,-0.1542,-0.020207407,,,45.5,46.1,0,0,0,0,6777,0,6777,-0.000911
8/7/2015,115.52,0.0034,35.7,-0.011142,0.267362,-0.725089,-0.018658974,-0.021305128,,,49.2,49.75,0,0,0,0,6777,0,6777,0.001079
8/10/2015,119.72,0.0364,32.4,-0.096992,0.265276,-0.694422,0.007301667,-0.000496667,,,49,49.55,0,0,0,0,6777,0,6777,-0.009786
8/11/2015,113.49,-0.052,37.425,0.144181,0.277865,-0.741527,0.007560995,-0.002020706,,,49.2,49.8,0,0,0,0,6777,0,6777,0.009796
8/12/2015,115.24,0.0154,36.125,-0.035354,0.278741,-0.726034,0.008853143,0.000500571,,,49.85,50.25,0,0,0,0,6777,0,6777,-0.018645
8/13/2015,115.15,-0.0008,35.7,-0.011834,0.26514,-0.741394,0.170666667,0.151122222,,,51.2,51.9,6,0,0,4,6777,0,6777,0.006266
8/14/2015,115.96,0.007,35.075,-0.017662,0.264039,-0.735966,0.006701235,-0.001359259,,,49.1,49.75,0,0,0,0,6777,0,6777,-0.005566
8/17/2015,117.16,0.0103,34.15,-0.026726,0.265111,-0.723399,0.0104725,0.000893333,,,50,50.55,0,0,0,0,6777,0,6777,-0.036517
8/18/2015,116.5,-0.0056,34.575,0.012368,0.264046,-0.730859,0.01130303,0.001613636,,,49.9,51.1,0,0,0,0,6777,0,6777,-0.018551
8/19/2015,115.01,-0.0128,35.75,0.033419,0.264642,-0.742997,0.008146309,-0.0004,,,48.15,48.9,0,0,0,0,6777,0,6777,-0.001244
8/20/2015,112.65,-0.0205,38.25,0.067593,0.282164,-0.744112,0.000472458,-0.007424576,,,49.6,50.25,0,0,0,0,6777,0,6777,0.050151
8/21/2015,105.76,-0.0612,44.625,0.154151,0.311094,-0.769341,0.003661684,-0.004198839,,,52.1,52.55,0,0,0,0,6777,0,6777,0.002717
8/24/2015,103.12,-0.025,47.9,0.070821,0.343545,-0.757148,-0.004618561,-0.012292045,,,52.3,52.85,0,0,0,0,6777,0,6777,0.000628
8/25/2015,103.74,0.006,47.225,-0.014192,0.337586,-0.758379,-0.001985484,-0.00961129,,,51.8,52.25,0,0,0,0,6777,0,6777,0.005099
8/26/2015,109.69,0.0574,41.625,-0.126222,0.307365,-0.742841,0.002611429,-0.00507916,,,51.05,51.5,2,2,0,1,6777,0,6777,0.008594
8/27/2015,112.92,0.0294,38.975,-0.065781,0.302746,-0.722308,0.006356966,-0.001430031,,,51,51.4,0,0,0,0,6777,0,6777,0.015762
8/28/2015,113.29,0.0033,38.1,-0.022706,0.286481,-0.735569,-0.035840541,-0.043959459,,,51.5,52.65,0,0,0,0,6777,0,6777,-0.007082
8/31/2015,112.76,-0.0047,38.275,0.004583,0.289559,-0.746898,0.021375472,-0.005807547,,,49.3,49.9,0,0,0,0,6777,-6,6777,-0.005497
9/1/2015,107.72,-0.0447,43.8,0.134837,0.33448,-0.742919,-0.000789484,-0.008912897,,,50.15,50.6,6,0,0,1,6783,-1,6777,0.012881
9/2/2015,112.34,0.0429,40,-0.090754,0.326284,-0.713779,0.006307359,-0.001774026,,,51.8,52.4,1,0,0,1,6784,0,6783,-0.004051
9/3/2015,110.37,-0.0175,41.25,0.030772,0.320811,-0.735617,0.011085279,0.002778173,,,49.9,50.5,0,0,0,0,6784,0,6784,-0.021839
9/4/2015,109.27,-0.01,42.3,0.025136,0.326496,-0.738691,0.002794545,-0.005168182,,,49.25,49.85,0,0,0,0,6784,0,6784,0.013304
9/8/2015,112.31,0.0278,40,-0.055908,0.325648,-0.714966,0.007804276,-0.000278947,,,52.2,52.8,0,0,0,0,6784,0,6784,0.022651
9/9/2015,110.15,-0.0192,40.9,0.022251,0.315497,-0.741098,0.012098148,0.004699537,,,52.8,53.3,4,0,4,2,6784,0,6784,-0.036852
9/10/2015,112.57,0.022,39.025,-0.046928,0.306402,-0.731967,0.00377314,-0.003758264,,,45.25,49,3,0,3,1,6784,0,6784,0.009573
9/11/2015,114.21,0.0146,37.675,-0.035206,0.303497,-0.720509,0.006986585,-0.001771341,,,47.25,47.8,0,0,0,0,6784,3,6784,0.009049
9/14/2015,115.31,0.0096,36.75,-0.024859,0.3005,-0.713045,0.006785455,-0.002724545,,,45.35,45.8,4,0,3,3,6781,0,6784,-0.015857
9/15/2015,116.28,0.0084,35.725,-0.028288,0.292543,-0.712171,0.000901031,-0.008203093,,,50.25,50.75,0,0,0,0,6781,0,6781,-0.047475
9/16/2015,116.41,0.0011,35.4,-0.009139,0.286973,-0.717347,-0.039815385,-0.042846154,,,49.85,50.3,50,1,0,2,6781,0,6781,0.04913
9/17/2015,113.92,-0.0214,36.95,0.042854,0.282771,-0.748953,0.012693173,0.00168755,,,49.85,50.4,5,0,0,2,6781,-1,6781,-0.013481
9/18/2015,113.45,-0.0041,37.55,0.016108,0.289575,-0.745966,-0.006355319,-0.014476596,,,49.45,50.2,1,1,0,1,6782,0,6781,0.020099
9/21/2015,115.21,0.0155,36.15,-0.037996,0.288797,-0.732297,0.007766477,-0.000442045,,,47.1,47.6,0,0,0,0,6782,0,6782,-0.000915
9/22/2015,113.4,-0.0157,37.825,0.045293,0.293728,-0.74265,0.00571989,-0.002724309,,,48.85,49.85,10,5,0,2,6782,-5,6782,0.013231
9/23/2015,114.32,0.0081,37,-0.022052,0.290817,-0.738084,0.004963043,-0.00316413,,,46.55,47,23,7,0,10,6787,0,6782,-0.010282
9/24/2015,115,0.0059,36.425,-0.015663,0.2889,-0.734457,0.005333824,-0.002819118,,,47.95,48.5,252,2,0,3,6787,0,6787,-0.005048
9/25/2015,114.71,-0.0025,36.65,0.006158,0.28914,-0.736584,0.007334483,-0.000827586,,,49.45,50.05,10,10,0,1,6787,0,6787,0.001163
9/28/2015,112.44,-0.0198,38.75,0.055717,0.298275,-0.745873,0.00409207,-0.004024229,,,49.9,50.5,60,46,0,5,6787,0,6787,0.006518
9/29/2015,109.06,-0.0301,42.125,0.083511,0.320458,-0.750897,0.001486391,-0.006563018,,,45.9,46.4,0,0,0,0,6787,-17,6787,0.004917
9/30/2015,110.3,0.0114,40.175,-0.047396,0.292651,-0.768941,-0.014551613,-0.022425,,,44,44.4,24,17,7,13,6804,0,6787,0.006777
10/1/2015,109.58,-0.0065,41.1,0.022763,0.302456,-0.764678,-0.005920833,-0.013618056,,,41.4,41.9,0,0,0,0,6804,-1,6804,0.01538
10/2/2015,110.38,0.0073,40.5,-0.014706,0.302725,-0.757923,0.00844375,0.00033625,,,41.3,41.75,7,0,7,7,6805,91,6804,0.004921
10/5/2015,110.78,0.0036,40.075,-0.010549,0.301409,-0.767904,-0.0249525,-0.00329,,,39.35,39.75,140,0,119,4,6714,0,6805,-0.000399
10/6/2015,111.31,0.0048,40,-0.001873,0.309038,-0.766906,0.001883019,0.01439434,,,38.05,38.5,1,0,0,1,6714,0,6714,-0.003134
10/7/2015,110.78,-0.0048,39.725,-0.006899,0.291096,-0.770335,0.006469811,0.03385283,,,39.9,40.25,0,0,0,0,6714,0,6714,0.003679
10/8/2015,109.5,-0.0116,40.55,0.020555,0.286642,-0.771921,0.001239062,0.003479688,,,38.65,39.2,0,0,0,0,6714,0,6714,-0.00327
10/9/2015,112.12,0.0239,38.25,-0.058392,0.279419,-0.772037,-4.43E-05,-0.00275687,,,38.25,38.7,0,0,0,0,6714,8,6714,-0.01033
10/12/2015,111.6,-0.0046,38.4,0.003914,0.272871,-0.773456,0.002728846,0.012592308,,,39.7,40.15,70,0,0,2,6706,-46,6714,-0.009143
10/13/2015,111.79,0.0017,38.225,-0.004568,0.272106,-0.773484,-0.000147368,-0.004026316,,,39.8,40.3,54,50,0,8,6752,0,6706,0.000336
10/14/2015,110.21,-0.0141,39.675,0.037232,0.287717,-0.771014,-0.001563291,-0.00988038,,,40.95,41.5,184,0,0,21,6752,0,6752,-0.00183
10/15/2015,111.86,0.015,38.15,-0.039196,0.271275,-0.773685,-0.001618788,-0.009964848,,,38.45,38.95,3,3,0,2,6752,0,6752,-0.010315
10/16/2015,111.04,-0.0073,38.7,0.014314,0.267453,-0.776077,0.002917073,0.004660976,,,36.65,37.15,0,0,0,0,6752,0,6752,0.002987
10/19/2015,111.73,0.0062,38.15,-0.014314,0.267741,-0.774849,0.00177971,0.000417391,,,37.05,38.05,5,0,5,2,6752,0,6752,-0.019583
10/20/2015,113.77,0.0183,36.425,-0.04627,0.264099,-0.774474,0.000183824,-0.001785294,,,36.2,36.7,25,0,25,1,6752,108,6752,-0.003697
10/21/2015,113.76,-0.0001,36.375,-0.001374,0.263245,-0.774894,0.042,0.0854,,,35.85,36.35,237,110,111,13,6644,114,6752,0.005611
10/22/2015,115.5,0.0153,34.925,-0.040679,0.26041,-0.774344,0.000316092,-0.00162931,,,33.4,33.8,208,0,169,18,6530,0,6644,0.001015
10/23/2015,119.08,0.031,32.375,-0.075816,0.265973,-0.732338,0.01173352,0.001553911,,,33.85,34.15,0,0,0,0,6530,0,6530,0.007483
10/26/2015,115.28,-0.0319,35.725,0.098464,0.277018,-0.771758,0.010373684,-0.002906579,,,31.5,31.95,0,0,0,0,6530,0,6530,0.000359
10/27/2015,114.55,-0.0063,37.375,0.045151,0.307324,-0.754891,-0.023105479,-0.041515068,,,31.5,31.85,0,0,0,0,6530,0,6530,-0.000545
10/28/2015,119.27,0.0412,32.25,-0.147484,0.266772,-0.717918,0.007833263,-0.008591525,,,30.95,31.35,0,0,0,0,6530,0,6530,-0.004017
10/29/2015,120.53,0.0106,31.3,-0.0299,0.264547,-0.668718,0.039047619,-0.001765873,,,34.05,34.5,0,0,0,0,6530,-6,6530,0.00385
10/30/2015,119.5,-0.0085,32.05,0.023679,0.265964,-0.709578,0.039669903,-0.001375728,,,33.1,33.5,36,0,36,4,6536,0,6530,-0.005184
11/2/2015,121.18,0.0141,30.7,-0.043035,0.262574,-0.659844,0.029603571,-0.002017857,,,32.5,32.85,0,0,0,0,6536,0,6536,-0.00995
11/3/2015,122.57,0.0115,29.75,-0.031434,0.261966,-0.653482,0.004576978,-0.00043741,,,31.7,32.7,0,0,0,0,6536,0,6536,0.007797
11/4/2015,122,-0.0047,30.1,0.011696,0.261621,-0.65497,0.002610526,0.000605263,,,32.2,32.55,0,0,0,0,6536,0,6536,0.000453
11/5/2015,120.92,-0.0089,30.575,0.015658,0.264194,-0.699115,0.040875,-0.002382407,,,32.2,32.5,0,0,0,0,6536,0,6536,-0.001351
11/6/2015,121.06,0.0012,30.5,-0.002456,0.2604,-0.706257,-0.051014286,-0.0271,,,31.55,32,0,0,0,0,6536,0,6536,0.00214
11/9/2015,120.57,-0.004,30.725,0.00735,0.265006,-0.718254,0.024483673,-0.0094,,,32.35,32.8,0,0,0,0,6536,0,6536,-0.008772
11/10/2015,116.77,-0.0315,33.825,0.096124,0.273624,-0.747051,0.007578158,-0.002267895,,,31.5,31.95,0,0,0,0,6536,0,6536,-0.001032
11/11/2015,116.11,-0.0057,34.1,0.008097,0.267601,-0.759162,0.01835,0.009125758,,,31.95,32.35,0,0,0,0,6536,0,6536,0.001082
11/12/2015,115.72,-0.0034,34.325,0.006577,0.265521,-0.764928,0.014784615,0.005333333,,,33.05,33.5,0,0,0,0,6536,0,6536,0.000586
11/13/2015,112.34,-0.0292,37.125,0.078417,0.274445,-0.785031,0.005947633,-0.002640237,,,35.85,36.2,0,0,0,0,6536,-4,6536,0.00033
11/16/2015,114.17,0.0163,35.625,-0.041243,0.268197,-0.776368,0.00473388,-0.003414208,,,35.4,35.85,13,0,0,3,6540,0,6536,-0.006248
11/17/2015,113.69,-0.0042,36.025,0.011166,0.268527,-0.780619,0.00885625,-0.0006875,,,36.9,37.35,0,0,0,0,6540,0,6540,0.008924
11/18/2015,117.29,0.0317,33.275,-0.079407,0.269113,-0.747532,0.009190833,0.000162778,,,34.15,34.5,0,0,0,0,6540,0,6540,-0.00208
11/19/2015,118.78,0.0127,32.15,-0.034394,0.270195,-0.731808,0.01055302,0.000726174,,,33.85,34.35,0,0,0,0,6540,10,6540,-0.006023
11/20/2015,119.3,0.0044,31.725,-0.013307,0.269163,-0.727627,0.008040385,-0.001984615,,,33.55,34.1,10,0,10,3,6530,0,6540,0.008618
11/23/2015,117.75,-0.013,32.575,0.02644,0.260391,-0.752542,0.016074194,0.005659355,,,30.5,30.95,0,0,0,0,6530,0,6530,0.004606
11/24/2015,118.88,0.0096,31.775,-0.024865,0.262531,-0.739486,0.011553982,0.001893805,,,30.3,30.7,0,0,0,0,6530,0,6530,-0.003794
11/25/2015,118.03,-0.0072,32.35,0.017934,0.26118,-0.748892,0.011065882,0.001589412,,,30.4,30.75,0,0,0,0,6530,0,6530,0.002573
11/27/2015,117.81,-0.0019,32.375,0.000772,0.261633,-0.756803,0.035959091,-0.002059091,,,29.9,30.3,0,0,0,0,6530,0,6530,-0.000345
11/30/2015,118.3,0.0042,32.2,-0.00542,0.26943,-0.743749,0.026640816,0.015912245,,,29.55,29.95,0,0,0,0,6530,0,6530,-0.000608
12/1/2015,117.34,-0.0081,32.675,0.014644,0.25948,-0.763619,0.020697917,0.010364583,,,30.5,30.9,0,0,0,0,6530,0,6530,-0.00339
12/2/2015,116.28,-0.009,33.3,0.018947,0.254296,-0.779372,0.014861321,0.004890566,,,31.85,32.25,0,0,0,0,6530,0,6530,0.001417
12/3/2015,115.2,-0.0093,34.275,0.028859,0.258146,-0.785364,0.005548148,-0.003564815,,,31.1,31.5,0,0,0,0,6530,155,6530,-0.002225
12/4/2015,119.03,0.0332,31.15,-0.095602,0.254129,-0.753535,0.008310444,-0.001048825,,,32.05,32.45,245,50,195,34,6375,0,6530,-0.040552
12/7/2015,118.28,-0.0063,31.675,0.016713,0.253584,-0.760974,0.009918667,0.000726667,,,35.75,39,0,0,0,0,6375,0,6375,0.030306
12/8/2015,118.23,-0.0004,31.725,0.001577,0.253943,-0.76108,0.00212,-0.00718,,,35.4,36.05,0,0,0,0,6375,0,6375,0.011045
12/9/2015,115.62,-0.0221,34,0.069256,0.261426,-0.777433,0.006265517,-0.00286705,,,32.1,32.65,0,0,0,0,6375,32,6375,0.005563
12/10/2015,116.17,0.0048,33.6,-0.011834,0.262441,-0.77105,0.011605455,0.001845455,,,34.7,35.15,32,0,32,5,6343,10,6375,-0.002835
12/11/2015,113.18,-0.0257,36.1,0.071767,0.268052,-0.793136,0.007386622,-0.001876589,,,36.1,36.65,12,1,10,5,6333,93,6343,-0.000854
12/14/2015,112.48,-0.0062,36.45,0.009649,0.264355,-0.808411,0.021821429,0.005281429,,,36.2,36.65,93,0,93,31,6240,0,6333,-0.003642
12/15/2015,110.49,-0.0177,37.55,0.029732,0.244772,-0.852917,0.022364824,0.009840704,,,37.8,38.5,0,0,0,0,6240,110,6240,0.000288
12/16/2015,111.34,0.0077,36.9,-0.017462,0.247759,-0.842924,0.011756471,0.003514118,,,38.2,39.2,220,0,0,46,6130,40,6240,-0.003822
12/17/2015,108.98,-0.0212,38.7,0.047628,0.237444,-0.872489,0.012527542,0.004370763,,,37.9,38.4,76,0,76,25,6090,0,6130,-0.016442
12/18/2015,106.03,-0.0271,41.225,0.063205,0.235614,-0.898583,0.008845424,0.000620339,,,39.15,40.2,6,0,6,2,6090,14,6090,0.015611
12/21/2015,107.33,0.0123,40.05,-0.028916,0.23595,-0.887401,0.008601538,0.000258462,,,37.95,38.5,51,2,29,9,6076,-1,6090,-0.000765
12/22/2015,107.23,-0.0009,39.925,-0.003126,0.226807,-0.90015,0.12749,0.09143,,,38.15,38.65,38,0,38,16,6077,5,6076,-0.006548
12/23/2015,108.61,0.0129,38.475,-0.036994,0.216477,-0.902431,-0.001652899,-0.007485507,,,38,38.5,23,0,23,14,6072,43,6077,-0.007223
12/24/2015,108.03,-0.0053,38.925,0.011628,0.213207,-0.912271,0.016965517,0.005637931,,,40.3,40.8,108,0,88,15,6029,155,6072,-0.004454
12/28/2015,106.82,-0.0112,40.075,0.029116,0.216886,-0.918349,0.00502314,-0.003040496,,,39.45,40,362,0,362,25,5874,37,6029,-0.017942
12/29/2015,108.74,0.018,38.275,-0.045956,0.213752,-0.906902,0.005961979,-0.001632292,,,39.05,40.95,281,171,63,17,5837,0,5874,0.007629
12/30/2015,107.32,-0.0131,39.55,0.032769,0.213353,-0.91888,0.008435211,0.000280986,,,39.6,40.55,0,0,0,0,5837,100,5837,-0.001316
12/31/2015,105.26,-0.0192,41.525,0.04873,0.218274,-0.925623,0.003273301,-0.002388835,,,40.3,40.7,204,57,114,37,5737,62,5837,0.000269
1/4/2016,105.35,0.0009,41.65,0.003006,0.233654,-0.908933,0.185444444,0.170888889,,,40.8,41.4,112,0,94,24,5675,-23,5737,0.009805
1/5/2016,102.71,-0.0251,44.2,0.059423,0.240431,-0.919475,0.003993182,-0.002567045,,,39.45,40.9,37,0,37,8,5698,0,5675,-0.027807
1/6/2016,100.7,-0.0196,46.15,0.043172,0.245348,-0.925572,0.003033333,-0.002446269,,,41.45,42.8,0,0,0,0,5698,0,5698,0.022183
1/7/2016,96.45,-0.0422,50.2,0.084118,0.251866,-0.941949,0.003853412,-0.001533647,,,38.45,39.05,0,0,0,0,5698,0,5698,0.009135
1/8/2016,96.96,0.0053,49.75,-0.009005,0.253029,-0.938263,0.007227451,0.002280392,,,36.45,36.85,0,0,0,0,5698,5,5698,0.00024
1/11/2016,98.53,0.0162,48.225,-0.031133,0.247981,-0.934735,0.002247134,-0.003215287,,,36.2,36.65,5,0,0,1,5693,0,5698,-0.001917
1/12/2016,99.96,0.0145,46.775,-0.030529,0.237699,-0.935493,-0.00053007,-0.00719021,,,36.75,37.25,0,0,0,0,5693,0,5693,-0.002911
1/13/2016,97.39,-0.0257,49.35,0.053589,0.25093,-0.935101,-0.000152529,-0.005148249,,,37.6,38.05,4,0,4,3,5693,0,5693,0.004931
1/14/2016,99.52,0.0219,47.35,-0.041371,0.250015,-0.934234,0.000407042,-0.000429577,,,35.9,36.4,0,0,0,0,5693,4,5693,-0.000778
1/15/2016,97.13,-0.024,49.825,0.05095,0.270114,-0.933271,-0.000402929,-0.008409623,,,37.3,37.8,105,46,59,7,5689,0,5693,0.006804
1/19/2016,96.66,-0.0048,50.125,0.006003,0.256633,-0.934775,0.0032,0.028682979,,,36.65,37.25,1,0,0,1,5689,0,5689,-0.004202
1/20/2016,96.79,0.0013,50.075,-0.000998,0.305763,-0.87199,0.482961538,0.377923077,,,35.15,35.65,25,25,0,1,5689,0,5689,-0.00557
1/21/2016,96.3,-0.0051,50.5,0.008451,0.258288,-0.934802,0.128187755,0.096887755,,,35.5,35.95,0,0,0,0,5689,0,5689,-0.007957
1/22/2016,101.42,0.0532,45.575,-0.102614,0.242431,-0.934915,-2.21E-05,-0.00309707,,,36.55,36.95,0,0,0,0,5689,0,5689,-0.002997
1/25/2016,99.44,-0.0195,47.525,0.041897,0.25148,-0.93482,-4.80E-05,-0.004570202,,,37.45,37.9,0,0,0,0,5689,0,5689,-0.002905
1/26/2016,99.99,0.0055,47.125,-0.008452,0.261053,-0.933005,0.0033,0.017405455,,,38.8,39.25,0,0,0,0,5689,0,5689,-0.009095
1/27/2016,93.42,-0.0657,53.05,0.118431,0.224201,-0.972473,0.006007306,0.005609132,,,40.55,41.25,0,0,0,0,5689,-2,5689,-0.010151
1/28/2016,94.09,0.0072,52.5,-0.010422,0.246852,-0.969841,0.003928358,0.033807463,,,39.6,40.4,0,0,0,0,5691,0,5689,-0.000848
1/29/2016,97.34,0.0345,49.55,-0.057831,0.260156,-0.934219,0.010960615,0.004093538,,,41.95,42.65,0,0,0,0,5691,10,5691,0.005685
2/1/2016,96.43,-0.0093,50.2,0.013033,0.238317,-0.969433,0.038696703,0.023998901,,,40.85,41.65,10,0,10,1,5681,0,5691,-0.005473
2/2/2016,94.48,-0.0202,52.1,0.03715,0.234266,-0.971277,0.000945641,0.002077436,,,39.65,40.35,0,0,0,0,5681,0,5681,-0.008196
2/3/2016,96.35,0.0198,50.375,-0.03367,0.247147,-0.93904,0.017239037,0.006888235,,,42.35,45.25,0,0,0,0,5681,8,5681,0.044921
2/4/2016,96.6,0.0026,49.6,-0.015504,0.24165,-0.955874,-0.067336,-0.021988,,,37.5,39.05,27,12,15,12,5673,0,5681,0.003078
2/5/2016,94.02,-0.0267,52.075,0.048694,0.234568,-0.969623,0.00532907,0.002744961,,,37.25,38.95,0,0,0,0,5673,-4,5673,-0.016265
2/8/2016,95.01,0.0105,51.2,-0.016945,0.25033,-0.956769,0.012983838,0.015921212,,,38.6,39.35,0,0,0,0,5677,-35,5673,-0.004619
2/9/2016,94.99,-0.0002,51.275,0.001464,0.258924,-0.948888,-0.39405,-0.4297,,,41.3,41.95,1,0,1,1,5712,0,5677,-0.030221
2/10/2016,94.27,-0.0076,52.025,0.014521,0.264023,-0.948289,-0.000831944,-0.007081944,,,46.6,47.85,1,0,1,1,5712,8,5712,-0.005959
2/11/2016,93.7,-0.006,52.575,0.010516,0.264651,-0.950936,0.00464386,-0.001101754,,,46.4,49.4,74,0,73,3,5704,0,5712,0.032451
2/12/2016,93.99,0.0031,52.325,-0.004766,0.267368,-0.94699,0.013606897,0.009368966,,,42.8,46.45,0,0,0,0,5704,-2,5704,0.02893
2/16/2016,96.64,0.0282,49.925,-0.046952,0.317519,-0.897936,0.018510943,0.018924906,,,37.4,39.1,2,0,2,1,5706,150,5704,0.017522
2/17/2016,98.12,0.0153,48.525,-0.028443,0.316275,-0.887955,0.006743919,-0.000840541,,,35.55,35.95,150,0,0,1,5556,0,5706,0.000596
2/18/2016,96.26,-0.019,50.5,0.039894,0.297724,-0.919812,0.017127419,0.009973656,,,34.4,34.75,0,0,0,0,5556,0,5556,-0.001065
2/19/2016,96.04,-0.0023,50.275,-0.004465,0.261207,-0.949636,0.135563636,0.165986364,,,34,34.3,0,0,0,0,5556,0,5556,0.001072
2/22/2016,96.88,0.0087,49.425,-0.017052,0.255641,-0.950284,-0.000771429,-0.00662619,,,34.9,35.25,0,0,0,0,5556,2,5556,-0.001101
2/23/2016,94.69,-0.0226,51.55,0.042096,0.261907,-0.956612,0.002889498,-0.002861187,,,35.5,35.9,2,1,0,2,5554,-18,5556,-0.013601
2/24/2016,96.1,0.0149,50.05,-0.02953,0.243262,-0.963957,-0.00520922,-0.013223404,,,35.9,36.35,79,8,2,9,5572,9,5554,0.000876
2/25/2016,96.76,0.0069,49.5,-0.01105,0.253058,-0.95354,0.015783333,0.014842424,,,37.15,37.7,31,18,8,7,5563,0,5572,0.012589
2/26/2016,96.91,0.0016,49.275,-0.004556,0.243272,-0.961237,-0.051313333,-0.06524,,,32.25,32.55,0,0,0,0,5563,35,5563,-0.002086
2/29/2016,96.69,-0.0027,49.475,0.004051,0.244351,-0.961504,0.001213636,-0.004904545,,,35.5,35.9,37,7,13,11,5528,0,5563,-0.008309
3/1/2016,100.53,0.0397,45.8,-0.077183,0.24344,-0.945328,0.0042125,-0.00023724,,,35.85,36.35,0,0,0,0,5528,0,5528,0.005456
3/2/2016,100.75,0.0022,45.525,-0.006022,0.23739,-0.949777,-0.020222727,-0.0275,,,35.85,36.3,0,0,0,0,5528,0,5528,-0.001172
3/3/2016,101.5,0.0074,44.9,-0.013824,0.244223,-0.939389,0.013850667,0.009110667,,,36.45,36.95,3,3,0,1,5528,0,5528,0.000592
3/4/2016,103.01,0.0149,43.475,-0.032252,0.245117,-0.930504,0.005884106,0.000592053,,,33.7,34.15,0,0,0,0,5528,0,5528,0.01015
3/7/2016,101.87,-0.0111,44.7,0.027787,0.258263,-0.925861,-0.004072807,-0.011531579,,,31.2,31.95,0,0,0,0,5528,0,5528,0.003106
3/8/2016,101.03,-0.0082,45.4,0.015539,0.251395,-0.93594,0.01199881,0.00817619,,,30.45,31,0,0,0,0,5528,0,5528,0.000096
3/9/2016,101.12,0.0009,45.325,-0.001653,0.253397,-0.933791,0.023877778,0.022244444,,,30.1,30.55,0,0,0,0,5528,0,5528,0.000558
3/10/2016,101.17,0.0005,45.25,-0.001656,0.249785,-0.936673,-0.05764,-0.07224,,,29.8,30.25,0,0,0,0,5528,0,5528,-0.003947
3/11/2016,102.26,0.0108,44.2,-0.023478,0.248392,-0.932019,0.004269725,-0.001277982,,,30.35,30.85,0,0,0,0,5528,0,5528,0.001974
3/14/2016,102.52,0.0025,43.775,-0.009662,0.234493,-0.944554,-0.048211538,-0.053457692,,,29.2,29.6,0,0,0,0,5528,0,5528,-0.000541
3/15/2016,104.58,0.0201,41.875,-0.044374,0.237577,-0.930243,0.006947087,0.001497087,,,28.8,29.2,44,29,0,4,5528,-2,5528,-0.001665
3/16/2016,105.97,0.0133,40.75,-0.027233,0.251302,-0.908744,0.015466906,0.009874101,,,28.75,29.3,0,0,0,0,5530,-1,5528,-0.002071
3/17/2016,105.8,-0.0016,40.775,0.000613,0.243439,-0.918825,0.0593,0.046252941,,,25.3,25.95,5,0,5,1,5531,23,5530,-0.001294
3/18/2016,105.92,0.0011,40.6,-0.004301,0.239093,-0.921708,-0.024025,-0.036216667,,,24.8,25.15,30,20,5,4,5508,0,5531,0.002002
3/21/2016,105.91,-0.0001,40.55,-0.001232,0.229482,-0.930197,0.8489,0.9611,,,26.15,26.6,5,5,0,1,5508,5,5508,0.005738
3/22/2016,106.72,0.0076,39.8,-0.018669,0.230281,-0.925018,0.006393827,0.00098642,,,26.7,26.85,8,3,5,2,5503,0,5508,-0.001758
3/23/2016,106.13,-0.0055,40.375,0.014344,0.232772,-0.926124,0.001874576,-0.004222034,,,27.75,28.1,0,0,0,0,5503,0,5503,0.00328
3/24/2016,105.67,-0.0043,40.875,0.012308,0.239237,-0.923137,-0.006493478,-0.014054348,,,28.45,28.7,0,0,0,0,5503,0,5503,-0.003891
3/28/2016,105.19,-0.0045,41.325,0.010949,0.243414,-0.929801,0.013883333,-0.008702083,,,28.6,29,0,0,0,0,5503,0,5503,-0.001733
3/29/2016,107.68,0.0237,38.975,-0.058547,0.241039,-0.917433,0.004967068,-0.000953815,,,30.2,30.65,0,0,0,0,5503,4,5503,-0.005299
3/30/2016,109.56,0.0175,37.2,-0.046612,0.23574,-0.907764,0.005143085,-0.002818617,,,32.5,33.1,4,0,0,2,5499,22,5503,0.002841
3/31/2016,108.99,-0.0052,37.725,0.014014,0.236477,-0.912085,0.007580702,-0.001292982,,,30.75,31.2,82,0,52,2,5477,0,5499,-0.003377
4/1/2016,109.99,0.0092,36.75,-0.026185,0.23053,-0.91086,0.001225,-0.005947,,,28.55,29.05,0,0,0,0,5477,0,5477,0.004688
4/4/2016,111.12,0.0103,35.75,-0.027588,0.231155,-0.899849,0.009744248,0.000553097,,,28.45,28.85,0,0,0,0,5477,0,5477,0.000017
4/5/2016,109.81,-0.0118,37.025,0.035043,0.237976,-0.903106,0.00248626,-0.00520687,,,28.2,28.55,0,0,0,0,5477,2,5477,-0.004973
4/6/2016,110.96,0.0105,36.1,-0.0253,0.242212,-0.887742,0.01336,0.003683478,,,28.35,28.75,2,0,0,1,5475,0,5477,-0.00105
4/7/2016,108.54,-0.0218,38.375,0.061113,0.251975,-0.90196,0.005875207,-0.004034298,,,29.15,29.5,0,0,0,0,5475,0,5475,-0.000715
4/8/2016,108.66,0.0011,38.25,-0.003263,0.25105,-0.902077,-0.000975,-0.007708333,,,29.75,30.15,0,0,0,0,5475,0,5475,0.008454
4/11/2016,109.02,0.0033,37.875,-0.009852,0.247927,-0.90286,-0.002175,-0.008675,,,27.9,28.4,0,0,0,0,5475,0,5475,0.000244
4/12/2016,110.44,0.013,36.625,-0.03356,0.248193,-0.890094,0.008990141,0.000187324,,,27.5,27.8,0,0,0,0,5475,-5,5475,-0.000488
4/13/2016,112.04,0.0145,35.075,-0.043242,0.240479,-0.885121,0.003108125,-0.00482125,,,27.1,27.5,2,0,0,1,5480,0,5475,0.002637
4/14/2016,112.1,0.0005,34.95,-0.00357,0.236987,-0.888816,-0.061583333,-0.0582,,,27.7,28.05,0,0,0,0,5480,0,5480,-0.004248
4/15/2016,109.85,-0.0201,37.1,0.059699,0.246143,-0.89785,0.004015111,-0.004069333,,,27.5,27.95,0,0,0,0,5480,59,5480,-0.00338
4/18/2016,107.48,-0.0216,39.2,0.05506,0.245654,-0.927829,0.012649367,0.000206329,,,28.25,28.7,105,25,79,11,5421,0,5480,-0.00165
4/19/2016,106.91,-0.0053,39.65,0.011414,0.238147,-0.936799,0.015736842,0.013170175,,,27.65,27.9,20,0,0,1,5421,2,5421,-0.000389
4/20/2016,107.13,0.0021,39.4,-0.006325,0.233772,-0.937119,-0.001454545,-0.019886364,,,28,28.3,2,2,0,1,5419,0,5421,-0.001612
4/21/2016,105.97,-0.0108,40.525,0.028153,0.238021,-0.937007,-9.66E-05,-0.003662931,,,27.8,28.3,0,0,0,0,5419,44,5419,-0.003606
4/22/2016,105.68,-0.0027,40.925,0.009822,0.250879,-0.936025,-0.003386207,-0.044337931,,,28.45,28.85,59,9,43,6,5375,0,5419,-0.001558
4/25/2016,105.08,-0.0057,41.475,0.01335,0.251123,-0.936138,0.000188333,-0.000406667,,,28.5,28.7,4,0,0,2,5375,6,5375,-0.000744
4/26/2016,104.35,-0.0069,42.55,0.025589,0.282324,-0.883601,-0.071968493,-0.042741096,,,27.6,27.9,10,6,0,4,5369,7,5375,-0.002821
4/27/2016,97.82,-0.0626,48.475,0.130368,0.272478,-0.949313,0.010063093,0.00150781,,,27.65,27.85,11,10,1,3,5362,0,5369,-0.004472
4/28/2016,94.83,-0.0306,51.4,0.05859,0.279492,-0.970875,0.007211371,-0.002345819,,,28.75,29.05,0,0,0,0,5362,3,5362,-0.000406
4/29/2016,93.74,-0.0115,52.45,0.020222,0.241829,-0.989023,0.016649541,0.034553211,,,28.6,28.9,4,0,3,2,5359,0,5362,0.006698
5/2/2016,93.64,-0.0011,52.55,0.001905,0.24061,-0.989348,0.00325,0.01219,,,27.75,28.25,0,0,0,0,5359,0,5359,-0.002856
5/3/2016,95.18,0.0164,51.05,-0.02896,0.244452,-0.976969,0.008038312,0.002494805,,,27.55,27.95,1,1,0,1,5359,0,5359,0.001928
5/4/2016,94.19,-0.0104,52.075,0.019879,0.258618,-0.974112,-0.002885859,-0.014309091,,,27.1,27.35,1,1,0,1,5359,5,5359,-0.000268
5/5/2016,93.24,-0.0101,52.525,0.008604,0.274133,-0.972045,-0.002175789,-0.016331579,,,27.2,27.5,6,3,3,5,5354,3,5359,-0.001465
5/6/2016,92.72,-0.0056,53.15,0.011829,0.298152,-0.962467,-0.018419231,-0.046190385,,,27,27.2,3,3,0,3,5351,5,5354,0.00005
5/9/2016,92.79,0.0008,52.8,-0.006607,0.217232,-0.994973,-0.464371429,-1.156,,,27.05,27.4,13,2,0,5,5346,0,5351,-0.001961
5/10/2016,93.42,0.0068,52.2,-0.011429,0.233823,-0.989324,0.008966667,0.026334921,,,26.35,26.7,0,0,0,0,5346,2,5346,-0.005271
5/11/2016,92.51,-0.0097,53.1,0.017094,0.232873,-0.990999,0.001840659,0.001043956,,,26.25,26.55,2,0,0,2,5344,0,5346,0.004521
5/12/2016,90.34,-0.0235,55.4,0.042403,0.286012,-0.97702,-0.006441935,-0.024488018,,,27.6,28,0,0,0,0,5344,0,5344,0.005542
5/13/2016,90.52,0.002,55.15,-0.004523,0.267968,-0.985238,-0.045655556,-0.100244444,,,25.7,26.05,3,2,1,2,5344,0,5344,-0.002073
5/16/2016,93.88,0.0371,51.9,-0.060738,0.274425,-0.972222,0.00387381,0.001921726,,,26.4,26.8,0,0,0,0,5344,0,5344,0.000571
5/17/2016,93.49,-0.0042,52.25,0.006721,0.268558,-0.976423,0.010771795,0.01504359,,,27.15,27.5,3,0,0,3,5344,0,5344,-0.002942
5/18/2016,94.56,0.0114,51.15,-0.021277,0.255783,-0.979791,-0.003147664,-0.011939252,,,27.3,27.75,2,1,0,2,5344,2,5344,-0.000411
5/19/2016,94.2,-0.0038,51.4,0.004876,0.216886,-0.994104,0.039758333,0.108047222,,,27.3,27.65,52,50,2,2,5342,34,5344,0.002554
5/20/2016,95.22,0.0108,50.575,-0.016181,0.272863,-0.969234,0.024382353,0.054879412,,,28.25,28.7,52,1,51,4,5308,51,5342,0
5/23/2016,96.43,0.0127,49.3,-0.025533,0.254476,-0.974967,-0.004738017,-0.015195868,,,28.4,28.8,51,0,51,1,5257,5,5308,0.002941
5/24/2016,97.9,0.0152,47.8,-0.030898,0.237252,-0.983345,-0.00569932,-0.011717007,,,30.05,30.45,23,1,22,4,5252,0,5257,0.003039
5/25/2016,99.62,0.0176,46.125,-0.035671,0.238555,-0.977151,0.003601163,0.000757558,,,30,30.4,0,0,0,0,5252,0,5252,-0.00045
5/26/2016,100.41,0.0079,45.25,-0.019152,0.211301,-0.988292,-0.014102532,-0.034498734,,,29.65,30.1,0,0,0,0,5252,-9,0,-0.003999
5/27/2016,100.35,-0.0006,45.6,0.007705,0.270345,-0.955841,-0.54085,-0.984066667,,,28.95,29.6,220,100,0,8,5261,0,5252,-0.003796
5/31/2016,99.86,-0.0049,45.975,0.00819,0.255803,-0.967889,0.024587755,0.029677551,,,30.8,31.2,1,0,1,1,5261,2,5261,-0.007469
6/1/2016,98.46,-0.014,47.375,0.029997,0.282684,-0.95723,-0.007613571,-0.019200714,,,31.45,32.1,6,2,3,5,5259,8,5261,0.004113
6/2/2016,97.72,-0.0075,48.175,0.016746,0.280791,-0.962427,0.007022973,0.002558108,,,30.85,31.2,8,8,0,1,5251,0,5259,0.000358
6/3/2016,97.92,0.002,47.85,-0.006769,0.253715,-0.975267,-0.0642,-0.13538,,,29,29.4,57,5,0,6,5251,50,5251,-0.007774
6/6/2016,98.63,0.0073,47.075,-0.016329,0.233125,-0.985507,-0.014422535,-0.029,,,29.3,29.9,59,2,57,6,5201,-18,5251,-0.003057
6/7/2016,99.03,0.0041,46.775,-0.006393,0.251322,-0.974488,0.0275475,0.0454925,,,31.85,32.4,157,38,62,8,5219,0,5201,0.00542
6/8/2016,98.94,-0.0009,46.975,0.004267,0.274963,-0.963313,-0.124166667,-0.262677778,,,29.4,29.9,6,6,0,2,5219,40,5219,0.001147
6/9/2016,99.65,0.0072,46.15,-0.017719,0.24621,-0.97529,-0.016869014,-0.040497183,,,28.25,28.7,116,2,0,11,5179,3,5219,-0.011035
6/10/2016,98.83,-0.0082,47,0.018251,0.25733,-0.972259,-0.003696341,-0.013560976,,,27.65,28.7,86,63,3,7,5176,0,5179,0.002637
6/13/2016,97.34,-0.0151,48.6,0.033476,0.288834,-0.962052,-0.006850336,-0.021143624,,,28.85,29.45,0,0,0,0,5176,0,5176,0.006521
6/14/2016,97.46,0.0012,48.45,-0.003091,0.281178,-0.969204,-0.0596,-0.0638,,,28.8,29.25,20,0,0,1,5176,2,5176,-0.004589
6/15/2016,97.14,-0.0033,48.9,0.009245,0.306811,-0.95586,-0.0417,-0.080103125,,,29.55,30.2,10,10,0,1,5174,0,5176,-0.000863
6/16/2016,97.55,0.0042,48.4,-0.010278,0.290969,-0.964641,-0.021417073,-0.038639024,,,30.7,31.15,0,0,0,0,5174,0,5174,0.001323
6/17/2016,95.33,-0.0228,50.425,0.040987,0.257327,-0.986823,0.009991892,0.015154054,,,30.15,30.7,0,0,0,0,5174,0,5174,-0.00489
6/20/2016,95.1,-0.0024,50.65,0.004452,0.252972,-0.988367,0.006713043,0.018934783,,,32.25,32.75,35,0,0,3,5174,0,5174,0.00522
6/21/2016,95.91,0.0085,49.825,-0.016422,0.241412,-0.990196,-0.002258025,-0.014271605,,,30.9,31.7,0,0,0,0,5174,0,5174,0.003113
6/22/2016,95.55,-0.0038,50.225,0.007996,0.262329,-0.98464,-0.015433333,-0.058102778,,,30.8,31.4,0,0,0,0,5174,0,5174,-0.001685
6/23/2016,96.1,0.0058,49.825,-0.007996,0.294141,-0.969276,0.027934545,0.05784,,,31.2,31.8,0,0,0,0,5174,0,5174,-0.000073
6/24/2016,93.4,-0.0281,52.425,0.050867,0.287947,-0.980448,0.004137778,0.002294074,,,30.8,31.55,0,0,0,0,5174,17,5174,-0.002856
6/27/2016,92.04,-0.0146,53.625,0.022632,0,-1,0.014376471,0.211725735,,,30.9,31.55,17,7,0,2,5157,0,5174,-0.002369
6/28/2016,93.59,0.0168,52.2,-0.026933,0.276852,-0.985251,0.009515484,0.178614194,,,31.45,31.95,0,0,0,0,5157,0,5157,-0.008007
6/29/2016,94.4,0.0087,51.35,-0.016418,0.249298,-0.991248,-0.007403704,-0.034017284,,,32,32.5,1,0,1,1,5157,0,5157,0.003686
6/30/2016,95.6,0.0127,50.025,-0.026142,0,-1,-0.007293333,-0.207748333,,,31.45,32.1,0,0,0,0,5157,0,5157,0.006372
7/1/2016,95.89,0.003,49.875,-0.003003,0.251299,-0.988513,0.039610345,0.866548276,,,30.85,31.3,2,2,0,2,5157,0,5157,-0.000915
7/5/2016,94.99,-0.0094,50.85,0.01936,0.295313,-0.976377,-0.013484444,-0.048904444,,,32.05,32.65,0,0,0,0,5157,0,5157,-0.003211
7/6/2016,95.53,0.0057,50.375,-0.009385,0.305469,-0.970697,0.010518519,0.018807407,,,32.85,33.55,0,0,0,0,5157,0,5157,0.002124
7/7/2016,95.94,0.0043,49.975,-0.007972,0.296094,-0.973401,-0.006595122,-0.022865854,,,32.6,33.3,0,0,0,0,5157,0,5157,-0.000805
7/8/2016,96.68,0.0077,49.2,-0.015629,0.282813,-0.977121,-0.005027027,-0.017947297,,,31.35,32.15,10,10,0,1,5157,1,5157,-0.004395
7/11/2016,96.98,0.0031,48.85,-0.007139,0.267237,-0.984973,-0.026173333,-0.05192,,,33.45,34.55,2,1,0,2,5156,0,5157,0.002377
7/12/2016,97.42,0.0045,48.5,-0.007191,0.287891,-0.973966,0.025015909,0.046940909,,,32.9,33.55,0,0,0,0,5156,1,5156,0.00001
7/13/2016,96.87,-0.0056,48.925,0.008725,0.251181,-0.989973,0.029103636,0.066745455,,,33.15,34.35,1,0,1,1,5155,0,5156,0.003128
7/14/2016,98.79,0.0198,47.1,-0.038016,0.272225,-0.97694,0.006788021,0.010960417,,,31.25,31.75,0,0,0,0,5155,6,5155,0.004388
7/15/2016,98.78,-0.0001,47.25,0.00318,0.304366,-0.962134,-1.4806,-3.2141,,,30.95,31.7,6,6,0,1,5149,-20,5155,0.004111
7/18/2016,99.83,0.0106,46.15,-0.023556,0.287305,-0.96817,-0.005748571,-0.016248571,,,31.15,32.4,20,0,0,1,5169,3,5149,-0.006544
7/19/2016,99.87,0.0004,46.05,-0.002169,0.273054,-0.974557,-0.159675,-0.356275,,,31.05,31.45,3,0,3,1,5166,33,5169,0.001745
7/20/2016,99.96,0.0009,45.95,-0.002174,0.270148,-0.975644,-0.012077778,-0.032288889,,,30.3,31,183,50,100,5,5133,0,5166,-0.003601
7/21/2016,99.43,-0.0053,46.5,0.011898,0.278125,-0.973625,-0.003809434,-0.015050943,,,31.4,31.85,8,1,0,2,5133,0,5133,-0.008129
7/22/2016,98.66,-0.0077,47.575,0.022855,0.333711,-0.944506,-0.037816883,-0.07218961,,,32.95,33.8,0,0,0,0,5133,0,5133,-0.004809
7/25/2016,97.34,-0.0134,48.7,0.023372,0.320624,-0.973168,0.021713636,0.009914394,,,34,34.95,0,0,0,0,5133,0,5133,0.002563
7/26/2016,96.67,-0.0069,49.55,0.017303,0.351998,-0.939296,-0.050555224,-0.046826866,,,33.25,34.35,0,0,0,0,5133,0,5133,0.004248
7/27/2016,102.95,0.065,42.75,-0.147613,0,-1,-0.009666242,-0.056050637,,,34.6,35.2,0,0,0,0,5133,0,5133,-0.004037
7/28/2016,104.34,0.0135,41.525,-0.029074,0.231738,-0.979583,0.014688489,0.166717986,,,33.25,34.2,0,0,0,0,5133,2,5133,0.002122
7/29/2016,104.21,-0.0012,42.125,0.014346,0.310231,-0.939236,-0.310361538,-0.603792308,,,31.45,32.8,2,1,1,2,5131,0,5133,-0.002797
8/1/2016,106.05,0.0177,39.85,-0.055519,0.229932,-0.976631,-0.02032337,-0.043640761,,,32.15,33,21,0,21,12,5131,0,5131,-0.004785
8/2/2016,104.48,-0.0148,41.425,0.038762,0.240723,-0.976403,-0.000145223,-0.006873248,,,32.65,33.35,104,4,100,2,5131,0,5131,0.008106
8/3/2016,105.79,0.0125,40.325,-0.026913,0.27417,-0.943913,0.024801527,0.025532061,,,30.95,31.85,0,0,0,0,5131,0,5131,-0.004729
8/4/2016,105.87,0.0008,39.525,-0.020038,0.243848,-0.971939,-0.350325,-0.379025,,,30.8,31.95,0,0,0,0,5131,0,5131,0.002043
8/5/2016,107.48,0.0152,37.95,-0.040664,0.246336,-0.965153,0.004214907,0.001545342,,,30.55,32.15,0,0,0,0,5131,0,5131,0
8/8/2016,108.37,0.0083,37.2,-0.019961,0.267529,-0.947229,0.020139326,0.02381236,,,0,0,0,0,0,0,5131,0,5131,0
8/9/2016,108.81,0.0041,36.675,-0.014213,0.250146,-0.958885,-0.026490909,-0.039506818,,,30.4,31,50,5,15,5,5131,99,5131,0.001416
8/10/2016,108,-0.0074,37.425,0.020244,0.247168,-0.966682,0.009625926,0.003676543,,,30.8,31.95,106,0,106,5,5032,0,5131,0.002645
8/11/2016,107.93,-0.0006,37.5,0.002002,0.248674,-0.966313,-0.005271429,-0.021514286,,,29.3,29.8,0,0,0,0,5032,1,5032,0.00214
8/12/2016,108.18,0.0023,37.35,-0.004008,0.260809,-0.955063,0.045,0.04854,,,28.8,29.25,36,1,11,7,5031,0,5032,-0.004639
8/15/2016,109.48,0.012,36.025,-0.03612,0.249121,-0.957611,-0.00196,-0.008990769,,,30.55,31.4,0,0,0,0,5031,0,5031,0.002827
8/16/2016,109.38,-0.0009,36,-0.000694,0.227384,-0.973183,0.15572,0.21737,,,30.8,31.8,0,0,0,0,5031,0,5031,-0.002656
8/17/2016,109.22,-0.0015,36.225,0.006231,0.24917,-0.964098,-0.05678125,-0.1361625,,,30.9,31.9,0,0,0,0,5031,0,5031,0.003394
8/18/2016,109.08,-0.0013,36.4,0.004819,0.256934,-0.955361,-0.062407143,-0.055457143,,,31.25,31.95,7,0,0,1,5031,0,5031,-0.004151
8/19/2016,109.36,0.0026,36.1,-0.008276,0.252686,-0.957537,-0.007771429,-0.015171429,,,31.75,32.75,0,0,0,0,5031,1,5031,-0.00039
8/22/2016,108.51,-0.0078,36.925,0.022596,0.256689,-0.964558,0.00826,-0.004709412,,,32.2,33.05,26,1,25,2,5030,9,5031,0.005107
8/23/2016,108.85,0.0031,36.575,-0.009524,0.252881,-0.965868,-0.003852941,-0.0112,,,32.6,33.9,11,1,10,5,5021,13,5030,0.003779
8/24/2016,108.03,-0.0075,37.45,0.023642,0.266797,-0.960254,-0.006846341,-0.016970732,,,34.25,35.4,79,6,73,3,5008,-5,5021,0.002537
8/25/2016,107.57,-0.0043,37.825,0.009964,0.254129,-0.970771,0.022863043,0.02753913,,,35.6,36.9,35,35,0,1,5013,-25,5008,-0.002952
8/26/2016,106.94,-0.0059,38.525,0.018337,0.272949,-0.963049,-0.012257143,-0.029873016,,,36.7,37.25,27,0,2,2,5038,0,5013,-0.000924
8/29/2016,106.82,-0.0011,38.625,0.002592,0.265625,-0.968674,0.046875,0.061033333,,,36,36.8,0,0,0,0,5038,0,5038,0.00134
8/30/2016,106,-0.0077,39.475,0.021768,0.278711,-0.965767,-0.003545122,-0.015958537,,,36,37.2,0,0,0,0,5038,0,5038,-0.01256
8/31/2016,106.1,0.0009,39.325,-0.003807,0.264499,-0.974595,-0.08828,-0.14212,,,37.3,38.55,0,0,0,0,5038,0,5038,-0.005742
9/1/2016,106.73,0.0059,38.8,-0.01344,0.284082,-0.961829,0.020263492,0.031084127,,,37.5,38.95,25,0,0,1,5038,0,5038,-0.005655
9/2/2016,107.73,0.0094,37.775,-0.026773,0.275488,-0.962717,-0.000888,-0.008594,,,38.6,40.35,0,0,0,0,5038,0,5038,0.01059
9/6/2016,107.7,-0.0003,37.825,0.001323,0.279492,-0.961448,-0.0423,-0.133466667,,,37.25,38.3,0,0,0,0,5038,0,5038,0.006032
9/7/2016,108.36,0.0061,36.925,-0.024081,0.185156,-0.99777,-0.055033333,-0.142933333,,,38.55,40.65,0,0,0,0,5038,0,5038,0.015116
9/8/2016,105.52,-0.0262,40.075,0.081864,0.30684,-0.95554,-0.014869718,-0.042846479,,,41.3,44.4,2,0,2,1,5038,0,5038,-0.012619
9/9/2016,103.13,-0.0226,42.475,0.058163,0.330671,-0.957781,0.000937657,-0.00997113,,,40.15,41.6,0,0,0,0,5038,0,5038,-0.000271
9/12/2016,105.44,0.0224,40,-0.060036,0.276378,-0.976665,-0.008174892,-0.023503463,,,40.4,41.65,0,0,0,0,5038,-2,5038,-0.014527
9/13/2016,107.95,0.0238,37.95,-0.05261,0.334353,-0.928781,0.019077291,0.02309761,,,41.5,43,0,0,0,0,5040,2,5038,-0.007711
9/14/2016,111.77,0.0354,33.775,-0.116549,0.255626,-0.960733,-0.008364398,-0.020609162,,,43.65,45.05,5,5,0,5,5038,45,5040,-0.014194
9/15/2016,115.57,0.034,30.075,-0.116027,0.239153,-0.947906,0.003375526,-0.004335,,,45,46.6,50,50,0,11,4993,0,5038,-0.005823
9/16/2016,114.92,-0.0056,30.7,0.020568,0.240625,-0.951733,0.005887692,-0.002264615,,,47.25,48.4,0,0,0,0,4993,0,4993,-0.002312
9/19/2016,113.58,-0.0117,32.1,0.044593,0.262158,-0.948425,-0.002468657,-0.016069403,,,46.8,47.85,0,0,0,0,4993,0,4993,0.002312
9/20/2016,113.57,-0.0001,31.9,-0.00625,0.224246,-0.976125,2.77,3.7912,,,44.6,46.05,0,0,0,0,4993,32,4993,0.010718
9/21/2016,113.55,-0.0002,32.025,0.003911,0.247363,-0.961523,-0.7301,-1.15585,,,43.75,45.15,49,20,29,4,4961,0,4993,-0.004503
9/22/2016,114.62,0.0094,30.925,-0.034952,0.234766,-0.965159,-0.003398131,-0.011772897,,,44.65,45.8,8,0,8,1,4961,0,4961,0.009867
9/23/2016,112.71,-0.0167,32.925,0.062667,0.263092,-0.955194,-0.005217277,-0.014830366,,,42.5,43.65,0,0,0,0,4961,30,4961,-0.002771
9/26/2016,112.88,0.0015,32.65,-0.008387,0.246532,-0.971324,-0.094882353,-0.097411765,,,42.65,44,50,0,0,13,4931,0,4961,-0.007211
9/27/2016,113.09,0.0019,32.4,-0.007686,0.231934,-0.977832,-0.030990476,-0.069514286,,,45.5,47,0,0,0,0,4931,0,4931,0.007042
9/28/2016,113.95,0.0076,31.575,-0.025793,0.237402,-0.97197,0.006816279,0.00635814,,,46.1,47.55,0,0,0,0,4931,300,4931,0.002077
9/29/2016,112.18,-0.0155,33.3,0.053192,0.235059,-0.980165,0.004629944,0.001323729,,,45.95,47.5,445,40,246,76,4631,1,4931,0.007702
9/30/2016,113.05,0.0078,32.575,-0.022012,0.265674,-0.96105,0.021971264,0.035189655,,,43.25,45.3,1,0,1,1,4630,0,4631,0.009347
10/3/2016,112.52,-0.0047,33,0.012962,0.241406,-0.978606,0.033124528,0.045788679,,,42.7,43.45,10,0,10,1,4630,0,4630,0.006694
10/4/2016,113,0.0043,32.55,-0.01373,0.247314,-0.974076,0.0094375,0.012308333,,,40.5,42.05,1,1,0,1,4630,0,4630,-0.012068
10/5/2016,113.05,0.0004,32.55,0,0.260547,-0.966691,0.1477,0.26466,,,40.45,41.8,1,1,0,1,4630,0,4630,0.006374
10/6/2016,113.89,0.0074,31.625,-0.028829,0.229535,-0.982205,-0.018469048,-0.036919048,,,40.4,41,0,0,0,0,4630,0,4630,-0.001028
10/7/2016,114.06,0.0015,31.475,-0.004754,0.23584,-0.978573,0.021364706,0.037088235,,,41.05,43.05,0,0,0,0,4630,0,4630,0.007432
10/10/2016,116.05,0.0174,29.575,-0.062264,0.244242,-0.963884,0.007381407,0.004222111,,,40.55,42.1,0,0,0,0,4630,0,4630,-0.021804
10/11/2016,116.3,0.0022,29.2,-0.012761,0.205907,-0.98832,-0.097744,-0.15334,,,41.4,43.3,0,0,0,0,4630,120,4630,0.004543
10/12/2016,117.34,0.0089,28.225,-0.033961,0.2229,-0.97506,0.01275,0.016339423,,,41.45,44.35,150,0,0,15,4510,7,4630,-0.010643
10/13/2016,116.98,-0.0031,28.625,0.014072,0.23623,-0.968499,-0.018225,-0.037027778,,,42.2,43.7,121,21,10,11,4503,30,4510,-0.001856
10/14/2016,117.63,0.0056,27.925,-0.024758,0.217286,-0.977072,-0.013189231,-0.029144615,,,44.65,45.5,30,0,0,3,4473,40,4503,0.004539
10/17/2016,117.55,-0.0007,28.025,0.003575,0.2259,-0.975899,-0.0146625,-0.107675,,,45.65,47.5,50,0,10,4,4433,0,4473,0.005275
10/18/2016,117.47,-0.0007,28.15,0.00445,0.238135,-0.968428,-0.0933875,-0.1529375,,,44.75,46.45,0,0,0,0,4433,130,4433,0.000001
10/19/2016,117.12,-0.003,28.475,0.011479,0.236084,-0.972868,0.012685714,0.00586,,,43.75,45.6,140,0,0,14,4303,60,4433,0.012353
10/20/2016,117.06,-0.0005,28.475,0,0.212695,-0.987864,0.249933333,0.389816667,,,42,43.55,70,50,10,7,4243,582,4303,-0.00393
10/21/2016,116.6,-0.0039,29.1,0.021712,0.26167,-0.959363,-0.061958696,-0.106467391,,,41.85,43.6,905,226,150,133,3661,80,4243,0.001709
10/24/2016,117.65,0.009,28,-0.038534,0.247363,-0.967672,-0.007913333,-0.013625714,,,40.7,41.9,110,0,0,11,3581,279,3661,0.006518
10/25/2016,118.25,0.0051,27.425,-0.02075,0.247168,-0.963143,0.007548333,-0.000325,,,41.65,42.6,420,29,72,75,3302,280,3581,0.006191
10/26/2016,115.59,-0.0225,29.975,0.088909,0,-1,0.013856015,0.092920301,,,39.7,40.55,345,0,20,42,3022,0,3302,0.007765
10/27/2016,114.48,-0.0096,31.05,0.035235,0,-1,0,0,,,38.65,40.1,0,0,0,0,3022,0,3022,-0.003692
10/28/2016,113.72,-0.0066,31.85,0.025439,0.246484,-0.991396,-0.011321053,-0.324321053,,,38.75,40.1,0,0,0,0,3022,0,3022,0.004635
10/31/2016,113.54,-0.0016,31.975,0.003917,0,-1,0.0478,1.369355556,,,39.15,40.7,0,0,0,0,3022,0,3022,-0.005213
11/1/2016,111.49,-0.0181,34.1,0.064343,0.280926,-0.986324,-0.00667122,-0.137037073,,,39.2,40.7,0,0,0,0,3022,0,3022,0.001105
11/2/2016,111.59,0.0009,33.825,-0.008097,0,-1,-0.13676,-2.80926,,,36.9,38,0,0,0,0,3022,0,3022,-0.001838
11/3/2016,109.83,-0.0158,35.175,0.039135,0.27985,-0.994304,-0.003236364,-0.159005682,,,36.85,38.1,0,0,0,0,3022,30,3022,0.007114
11/4/2016,108.84,-0.009,36.15,0.027341,0,-1,0.005753535,0.282676768,,,37.35,38.5,30,0,0,2,2992,0,3022,-0.035801
11/7/2016,110.41,0.0144,34.6,-0.043823,0.284766,-0.992442,0.004814013,0.181379618,,,37.4,38.6,0,0,0,0,2992,0,2992,0.007224
11/8/2016,111.06,0.0059,34.15,-0.013091,0.345107,-0.956688,0.055006154,0.092832308,,,38.3,39.45,0,0,0,0,2992,0,2992,-0.001796
11/9/2016,110.88,-0.0016,34.15,0,0.29227,-0.985962,0.162633333,0.293538889,,,38.45,39.8,0,0,0,0,2992,-5,2992,-0.003421
11/10/2016,107.79,-0.0279,37.225,0.086218,0.31162,-0.991652,0.001841424,-0.006262136,,,39.65,41,0,0,0,0,2997,0,2992,-0.00418
11/11/2016,108.43,0.0059,36.55,-0.018299,0,-1,-0.01304375,-0.48690625,,,39.4,40.7,0,0,0,0,2997,110,2997,0.006077
11/14/2016,105.71,-0.0251,39.3,0.072543,0.331269,-0.993971,-0.002216544,-0.121790074,,,40.4,41.5,110,0,0,11,2887,496,2997,0.003686
11/15/2016,107.11,0.0132,37.875,-0.036933,0,-1,-0.004306429,-0.236620714,,,40.15,41.1,544,16,0,62,2391,90,2887,0.005552
11/16/2016,109.99,0.0269,34.975,-0.079658,0,-1,0,0,,,40.5,41.75,167,0,0,22,2301,160,2391,-0.003358
11/17/2016,109.95,-0.0004,35.05,0.002142,0.262826,-1,0,-6.57065,,,41.85,42.75,220,0,10,21,2141,420,2301,-0.004707
11/18/2016,110.06,0.001,34.95,-0.002857,0.303018,-0.993394,0.060054545,0.365381818,,,42.75,44.35,420,0,0,42,1721,15,2141,-0.001292
11/21/2016,111.73,0.0152,33.25,-0.049864,0,-1,-0.003955689,-0.181447904,,,43.8,44.45,15,5,0,2,1706,20,1721,-0.003763
11/22/2016,111.8,0.0006,33.25,0,0.319025,-0.98205,0.256428571,4.5575,,,43.75,44.7,20,0,0,2,1686,50,1706,-0.000398
11/23/2016,111.23,-0.0051,33.775,0.015666,0.293307,-0.995533,0.023654386,0.045119298,,,43.9,45.1,50,0,0,5,1636,240,1686,-0.004262
11/25/2016,111.79,0.005,33.2,-0.017171,0,-0.988,0.013451786,-0.5237625,,,44.35,45.15,240,0,0,24,1396,100,1636,-0.002807
11/28/2016,111.57,-0.002,33.475,0.008249,0.329585,-0.984229,-0.017140909,-1.498113636,,,44.45,45.8,100,0,0,10,1296,0,1396,0.003143
11/29/2016,111.46,-0.001,33.525,0.001493,0,-1,0.143372727,2.996227273,,,43.9,45.1,0,0,0,0,1296,0,1296,-0.010038
11/30/2016,110.52,-0.0084,34.45,0.027218,0,-1,0,0,,,45.3,46.7,0,0,0,0,1296,470,1296,0.002142
12/1/2016,109.49,-0.0093,35.5,0.030024,0,-1,0,0,,,45.75,47.35,830,340,0,83,826,180,1296,-0.007715
12/2/2016,109.9,0.0037,35.15,-0.009908,0.361273,-0.983864,0.039356098,0.881153659,,,46.05,47.55,180,0,0,18,646,0,826,0.000969
12/5/2016,109.11,-0.0072,35.9,0.021113,0.34337,-0.994155,0.013026582,0.022662025,,,46.35,47.85,0,0,0,0,646,0,646,0.003037
12/6/2016,109.95,0.0077,35.075,-0.023249,0.360043,-0.989648,0.005365476,0.01984881,,,47.4,48.5,0,0,0,0,646,0,646,-0.000107
12/7/2016,111.03,0.0098,34,-0.031128,0.354565,-0.9885,0.001062963,-0.005072222,,,47.25,48.65,0,0,0,0,646,260,646,0.004297
12/8/2016,112.12,0.0098,32.925,-0.032128,0.355774,-0.984537,0.00363578,0.001109174,,,47.5,48.45,260,0,0,26,386,0,646,0.001806
12/9/2016,113.95,0.0163,31.125,-0.056221,0.354199,-0.978337,0.003387978,-0.000860656,,,48.1,50,0,0,0,0,386,0,386,-0.005795
12/12/2016,113.3,-0.0057,31.725,0.019094,0.345216,-0.9895,0.017173846,0.01382,,,48.15,51.2,0,0,0,0,386,0,386,0.001841
12/13/2016,115.19,0.0167,29.85,-0.06092,0.337503,-0.985153,0.0023,-0.004080952,,,50.1,53.2,0,0,0,0,386,0,386,0.00309
12/14/2016,115.19,0,29.775,-0.002516,0,-1,0,0,,,52.15,54.25,0,0,0,0,386,0,386,-0.015079
12/15/2016,115.82,0.0055,29.2,-0.0195,0.317188,-0.990926,0.014403175,0.503473016,,,53.45,55.85,0,0,0,0,386,0,386,-0.005813
12/16/2016,115.97,0.0013,29.05,-0.00515,0.320475,-0.990727,0.001326667,0.021913333,,,52.35,55.3,0,0,0,0,386,0,386,0.016974
12/19/2016,116.64,0.0058,28.425,-0.021749,0.357326,-0.980633,0.015065672,0.055001493,,,51.4,52.95,0,0,0,0,386,0,386,0.009388
12/20/2016,116.95,0.0027,28.075,-0.01239,0.333944,-0.989301,-0.02796129,-0.075425806,,,49.8,52.15,0,0,0,0,386,0,386,0.002671
12/21/2016,117.06,0.0009,27.9,-0.006253,0,-0.995,-0.051809091,-3.035854545,,,49.25,50.95,0,0,0,0,386,0,386,-0.006725
12/22/2016,116.29,-0.0066,28.75,0.030011,0.36438,-0.985927,-0.011783117,-0.473220779,,,49.55,51.1,0,0,0,0,386,0,386,-0.005258
12/23/2016,116.52,0.002,28.55,-0.006981,0.384521,-0.980047,0.025565217,0.087569565,,,49.75,51.6,0,0,0,0,386,0,386,0.013046
12/27/2016,117.26,0.0064,27.7,-0.030225,0,-1,-0.026963514,-0.519622973,,,50.75,52.3,0,0,0,0,386,0,386,0.002517
12/28/2016,116.76,-0.0043,28.25,0.019661,0.355957,-0.994328,-0.011344,-0.711914,,,50.05,51.7,0,0,0,0,386,0,386,-0.011225
12/29/2016,116.73,-0.0003,28.3,0.001768,0.3968,-0.98885,-0.1826,-1.361433333,,,50.45,52.2,0,0,0,0,386,29,386,-0.007969
12/30/2016,115.82,-0.0078,29.25,0.033018,0.450262,-0.981068,-0.008551648,-0.058749451,,,50.5,52.3,38,9,0,4,357,279,386,0.005598
1/3/2017,116.15,0.0028,28.875,-0.012903,0.43374,-0.99148,-0.031551515,-0.050066667,,,50.85,52.5,287,8,0,29,78,78,357,0.003801
1/4/2017,116.02,-0.0011,28.9,0.000865,0,-0.943,-0.372923077,3.336461538,,,49.6,51.05,106,28,0,13,0,0,78,-0.006676
1/5/2017,116.61,0.0051,28.325,-0.020097,0,-0.943,0,0,,,50.2,52.05,0,0,0,0,0,0,0,0.013372
1/6/2017,117.91,0.0111,27.075,-0.045134,0,-1,-0.043846154,0,,,48.4,51.65,0,0,0,0,0,0,0,-0.004077
1/9/2017,118.99,0.0092,25.925,-0.043403,0,-1,0,0,,,51.45,53.25,0,0,0,0,0,0,0,-0.005894
1/10/2017,119.11,0.001,25.825,-0.003865,0,-1,0,0,,,49,50.5,0,0,0,0,0,0,0,-0.006451
1/11/2017,119.75,0.0054,25.25,-0.022517,0.360938,-1,0,0.563965625,,,48.45,50.45,0,0,0,0,0,0,0,0.003172
1/12/2017,119.25,-0.0042,25.7,0.017665,0,-1,0,0.721876,,,49.45,51.15,0,0,0,0,0,0,0,0.011054
1/13/2017,119.04,-0.0018,25.925,0.008717,0,-1,0,0,,,49.2,50.75,0,0,0,0,0,0,0,-0.005334
1/17/2017,120,0.0081,25.05,-0.034334,0.960107,-0.985685,0.014911458,1.000111458,,,48.85,50.35,0,0,0,0,0,0,0,-0.01017
1/18/2017,119.99,-0.0001,24.95,-0.004,0,-1,1.4315,96.0107,,,49.5,51.05,0,0,0,0,0,0,0,-0.000305
1/19/2017,119.78,-0.0018,25.25,0.011952,1.55372,-0.990456,-0.045447619,-7.398666667,,,50.1,51.4,0,0,0,0,0,0,0,0
